issueCleanedBodyLen,meanCommentSizeT,nActorsT,nCommentsT,nCommitsByActorsT,nCommitsByCreator,nCommitsByUniqueActorsT,nCommitsInProject,nCommitsProjectT,nIssuesByCreator,nIssuesByCreatorClosed,nIssuesCreatedInProject,nIssuesCreatedInProjectClosed,nIssuesCreatedProjectClosedT,nIssuesCreatedProjectT,nLabelsT,nSubscribedByT,timeOpen
21,68,6,47,1054,2,141,105,1077,3,1,247,20,1201,2779,0,14,365
14,16,6,4,141,4,47,325,174,11,4,925,348,169,434,0,5,7
5,6,5,3,574,19,117,386,622,57,21,896,396,696,1663,0,0,1
11,16,5,9,1044,0,140,103,1071,1,0,268,21,1197,2765,0,7,30
36,14,2,3,100,33,45,340,159,82,39,925,371,152,384,0,2,7
16,24,5,2,553,42,115,399,602,78,47,927,409,666,1581,0,1,30
6,19,4,3,426,27,94,341,480,31,31,867,357,525,1258,0,1,1
6,1,4,1,639,0,123,348,716,20,19,824,359,798,1870,0,1,1
1,42,2,2,219,0,64,325,287,1,0,847,335,306,745,0,2,90
23,5,5,3,385,0,84,281,431,14,6,752,301,475,1132,0,1,7
8,30,7,36,1019,10,138,121,1051,1,0,293,41,1177,2700,0,15,90
9,1,4,1,634,0,123,353,716,22,21,829,364,797,1867,0,1,1
7,5,4,1,350,35,81,278,390,62,43,771,302,425,1039,0,0,1
19,1,4,1,395,3,89,316,457,12,6,802,330,505,1206,0,0,1
8,6,4,1,442,31,98,358,498,70,33,895,377,536,1287,0,0,7
28,6,8,7,967,0,134,146,987,12,7,402,88,1111,2520,0,7,30
19,12,7,3,252,27,66,307,313,28,28,805,314,334,831,0,14,7
7,15,4,10,387,1,84,299,440,2,1,775,314,485,1161,0,14,30
20,10,3,1,390,0,88,300,454,38,36,771,314,495,1183,0,0,7
7,33,5,2,7,0,25,371,69,1,0,960,393,57,179,0,1,7
4,4,4,3,928,19,131,163,960,56,23,482,129,1069,2409,0,0,1
1,19,4,2,607,0,122,364,660,1,0,860,374,735,1746,0,2,90
37,41,7,11,455,0,98,353,501,8,4,887,369,542,1297,0,14,30
6,6,5,4,930,0,131,161,960,36,16,477,128,1071,2414,0,0,7
13,30,8,7,337,22,79,276,385,27,25,746,293,412,1012,0,6,1
51,18,5,4,254,42,66,305,314,76,50,802,312,335,836,0,1,1
91,13,6,25,960,0,134,145,982,6,3,416,97,1104,2508,0,7,30
15,165,6,9,397,8,89,315,459,11,9,801,328,505,1209,0,8,14
11,4,5,2,308,0,77,292,373,11,6,763,305,392,973,0,2,7
25,12,8,7,376,0,83,270,409,12,10,743,292,448,1080,0,10,90
23,17,5,5,351,35,81,279,391,57,43,757,302,428,1049,0,5,7
17,0,3,0,869,0,131,190,919,22,2,559,179,1017,2299,0,0,1
8,16,7,4,1054,0,141,104,1076,13,3,248,20,1201,2779,0,3,365
16,8,4,1,504,28,105,371,541,66,30,888,388,590,1410,0,0,7
20,6,5,4,36,0,38,354,122,10,9,941,384,106,271,0,3,7
5,19,3,2,426,0,95,343,482,54,32,864,357,525,1259,0,0,1
40,61,6,12,942,11,131,150,967,43,9,446,116,1083,2443,0,9,30
16,3,6,3,438,32,96,350,489,71,34,886,368,532,1275,0,2,7
5,2,4,1,97,0,44,332,153,2,0,904,363,143,355,0,0,1
8,6,4,2,939,0,131,153,967,33,15,454,119,1080,2435,0,0,1
8,6,5,3,65,18,43,344,141,23,19,918,379,126,311,0,3,7
12,30,6,2,515,16,106,381,544,20,18,908,397,592,1419,0,2,7
27,24,4,1,1433,0,198,73,1445,2,0,138,11,1258,3616,0,0,365
15,36,3,3,7,0,27,371,73,1,0,948,393,61,188,0,1,1
19,2,5,2,92,1,44,337,152,3,1,903,368,143,354,0,2,7
6,220,9,2,562,27,116,396,609,31,31,919,408,677,1610,0,8,90
45,12,6,5,423,32,94,340,480,76,34,869,356,522,1254,0,10,14
28,33,5,6,678,10,125,325,791,11,9,800,336,883,2036,0,3,1
8,3,5,4,594,38,121,374,640,73,41,890,385,716,1703,0,0,1
5,3,5,1,160,0,52,338,202,1,0,900,351,198,513,0,1,14
37,29,6,4,254,26,66,305,314,27,27,801,312,335,838,0,7,1
11,23,6,6,87,23,43,339,151,25,23,908,371,141,351,0,4,1
33,8,4,3,934,17,131,157,963,54,21,462,124,1075,2423,0,0,1
20,25,3,1,359,0,81,273,397,1,0,748,297,437,1061,0,2,1
11,4,3,1,393,0,89,309,455,38,35,786,321,502,1198,0,0,7
16,30,6,1,2167,0,249,42,2173,1,0,118,3,1663,4740,0,0,1000
7,18,6,4,604,15,122,364,647,43,16,868,378,722,1720,0,2,1
6,9,6,10,1009,0,138,127,1041,19,7,311,52,1174,2684,0,5,14
34,59,6,10,877,0,131,190,925,4,3,546,174,1024,2314,0,8,7
29,8,6,3,106,12,45,335,160,18,16,919,363,154,389,0,4,1
4,2,4,1,640,0,123,348,716,19,18,824,359,800,1873,0,1,1
5,0,1,0,559,0,115,399,605,1,0,929,408,671,1597,0,0,1
8,25,5,1,586,40,120,381,631,76,44,896,390,709,1690,0,2,1
7,24,4,14,279,25,72,286,338,27,27,788,300,355,882,0,15,7
95,51,6,37,504,0,106,373,542,5,3,885,389,590,1410,0,15,90
30,48,5,9,877,2,131,184,925,11,4,542,173,1022,2310,0,10,14
15,10,6,3,704,19,125,305,812,23,21,764,320,909,2086,0,2,1
37,0,1,0,385,0,84,279,431,36,33,752,301,472,1128,0,0,1
22,45,4,5,335,0,79,277,384,24,5,746,294,411,1011,0,1,1
111,13,5,1,832,0,131,213,887,8,5,581,210,989,2230,0,3,7
20,189,3,25,882,2,131,186,925,9,2,538,169,1025,2315,0,15,90
53,11,9,5,271,0,71,291,334,1,0,799,302,347,867,0,11,7
82,29,5,2,160,51,52,338,204,93,61,895,351,201,518,0,2,7
3,12,2,2,958,0,131,136,971,2,1,420,98,1087,2458,0,0,1
4,0,3,0,381,0,84,282,427,41,23,751,301,470,1122,0,0,7
8,40,6,7,279,0,72,288,340,34,19,791,303,358,892,0,7,7
21,22,5,9,1057,0,141,102,1079,11,3,252,18,1202,2782,0,5,30
13,31,7,19,559,0,116,399,607,6,3,927,412,675,1603,0,12,90
5,21,3,8,482,0,103,365,530,27,27,879,380,574,1371,0,4,30
34,12,4,2,395,0,89,312,456,37,33,794,324,503,1203,0,1,30
6,30,5,7,1052,0,141,106,1074,2,1,251,21,1201,2778,0,7,14
11,3,4,2,714,0,126,295,817,55,35,747,307,918,2101,0,0,1
5,0,1,0,387,0,84,283,436,14,10,756,302,479,1140,0,0,1
7,6,4,1,837,0,131,208,888,41,19,580,205,992,2243,0,0,1
15,29,6,11,648,0,123,347,735,18,12,813,354,822,1923,0,7,7
17,13,6,4,936,11,131,155,963,45,9,457,122,1075,2426,0,2,14
20,0,2,0,664,0,125,334,777,7,6,807,347,867,2002,0,1,7
18,31,5,23,173,0,52,335,213,2,0,902,357,220,554,0,10,30
18,14,6,7,621,37,122,360,679,75,40,835,367,757,1791,0,5,1
7,18,5,4,936,11,131,155,963,44,9,456,122,1075,2426,0,3,1
8,17,5,5,297,0,77,289,357,37,19,762,300,373,933,0,3,7
14,5,7,3,570,39,117,390,621,77,44,898,400,693,1658,0,4,1
20,25,5,8,841,0,131,210,895,7,4,567,201,997,2252,0,9,14
6,0,3,0,578,0,119,386,630,6,0,903,398,706,1684,0,0,1
11,5,4,4,222,0,64,323,296,29,10,824,331,319,773,0,2,1
8,24,6,10,936,9,131,155,963,8,6,455,122,1075,2426,0,7,1
81,20,7,5,535,0,108,374,554,9,4,892,385,603,1447,0,1,7
9,3,5,3,33,43,38,357,120,90,51,939,386,104,268,0,0,1
86,7,3,1,141,0,47,322,172,5,0,923,345,168,433,0,1,1
6,4,4,1,592,12,121,376,640,15,15,891,387,716,1703,0,0,1
19,11,3,3,1041,0,138,103,1059,1,0,273,23,1190,2746,0,1,14
65,18,7,6,670,32,125,330,787,67,35,804,342,875,2020,0,6,7
10,3,3,1,1445,0,202,75,1455,1,0,141,9,1259,3642,0,0,14
19,51,5,11,160,11,52,338,204,15,16,892,351,202,520,0,11,30
19,20,6,27,1036,1,138,108,1057,1,0,279,28,1185,2736,0,14,180
6,18,4,4,498,23,104,368,540,29,27,896,383,587,1401,0,2,7
20,1,4,1,787,0,128,239,857,5,2,629,243,954,2160,0,0,1
15,21,7,5,589,5,121,378,633,15,9,893,390,710,1693,0,7,1
65,11,5,7,952,0,131,140,969,5,1,433,106,1086,2455,0,0,30
10,27,5,5,279,0,72,288,340,36,36,792,303,358,891,0,6,1
11,6,2,1,903,9,131,171,950,10,8,509,152,1053,2366,0,1,1
6,13,5,6,480,24,102,365,522,29,28,883,381,574,1366,0,6,7
210,62,4,17,925,0,131,164,959,7,0,491,132,1068,2405,0,10,14
8,5,5,4,646,0,123,347,729,62,40,819,355,813,1898,0,5,14
13,1,4,1,416,32,93,337,475,79,34,871,357,519,1249,0,0,1
44,25,4,2,347,0,80,281,388,3,2,773,305,425,1038,0,2,1
43,17,3,4,995,0,135,133,1019,1,0,337,61,1150,2636,0,0,14
33,7,4,2,971,0,134,146,995,5,1,393,84,1117,2538,0,0,1
22,3,6,2,707,27,126,302,815,60,29,758,315,913,2091,0,0,1
8,23,6,6,43,0,42,354,139,66,39,924,386,114,290,0,8,7
28,8,4,7,1033,0,138,111,1057,4,0,285,29,1184,2733,0,0,14
6,16,6,4,762,15,126,257,845,21,17,667,262,940,2138,0,3,7
3,12,2,1,958,0,131,136,971,1,0,419,97,1087,2458,0,0,1
35,11,3,2,174,0,52,340,214,1,0,907,358,225,567,0,1,7
37,25,4,10,395,5,89,313,456,10,8,795,325,503,1203,0,7,90
11,2,3,1,751,0,126,268,841,46,28,677,272,938,2134,0,0,1
40,9,6,7,455,0,98,355,501,4,1,884,371,546,1306,0,13,14
10,3,4,2,114,11,45,328,161,16,11,916,354,160,397,0,1,1
61,65,4,3,380,1,84,270,416,3,1,744,297,453,1089,0,1,30
6,0,4,0,1510,0,206,123,1530,1,0,205,16,1278,3768,0,0,1
6,12,5,9,995,8,135,133,1019,28,4,341,61,1148,2632,0,0,7
41,5,4,2,337,0,79,276,385,1,0,751,296,414,1017,0,0,7
9,7,4,2,1393,0,195,68,1404,1,0,147,11,1246,3526,0,0,7
10,35,5,8,219,6,64,325,287,18,7,845,335,307,747,0,6,14
27,12,7,2,1041,8,138,103,1059,25,9,274,23,1189,2743,0,2,180
36,6,4,2,221,0,64,324,292,2,1,831,331,313,760,0,0,7
68,81,3,4,1151,3,158,119,1174,4,1,266,9,1217,3008,0,3,1
2,9,3,2,958,0,131,136,971,4,3,422,100,1087,2458,0,0,90
8,1,7,2,648,0,123,347,734,30,10,815,354,821,1921,0,0,1
6,56,6,10,847,0,131,205,903,38,18,583,196,1002,2263,0,13,7
17,4,3,2,896,24,131,178,937,64,28,522,161,1043,2349,0,0,1
10,14,3,3,1140,0,153,120,1148,1,0,262,9,1213,2968,0,0,1
5,38,2,2,26,1,38,361,114,10,3,941,391,97,250,0,1,1
16,6,5,2,759,15,126,260,844,17,16,674,265,940,2138,0,2,1
7,5,5,4,945,0,131,147,967,29,12,446,113,1083,2444,0,0,1
45,12,4,2,508,3,106,374,542,3,3,890,391,591,1415,0,2,7
7,6,5,2,637,23,123,350,716,26,25,827,361,798,1868,0,2,1
8,2,3,1,764,0,126,256,846,42,25,656,260,940,2139,0,0,1
16,11,4,5,628,1,123,357,690,4,1,830,364,769,1812,0,2,7
7,4,4,4,288,25,76,288,351,27,27,772,301,366,916,0,2,1
12,16,5,3,359,33,81,273,395,56,41,752,296,435,1059,0,1,1
10,8,6,3,17,28,33,369,99,28,29,945,396,84,229,0,3,1
8,57,3,6,421,32,94,338,478,77,34,868,355,521,1253,0,5,7
8,7,6,3,149,28,48,329,183,30,29,916,348,183,465,0,3,1
4,24,5,1,1410,0,197,71,1425,1,0,142,9,1252,3579,0,0,1000
6,17,4,1,638,0,123,349,716,21,19,826,360,798,1868,0,1,1
10,17,7,6,738,18,126,280,839,22,20,701,285,930,2122,0,4,1
6,9,5,3,559,0,115,395,605,2,0,925,407,670,1596,0,1,7
39,9,6,3,938,9,131,154,964,7,6,456,120,1080,2435,0,1,7
6,6,4,5,612,0,122,360,664,67,42,854,370,742,1760,0,3,7
9,6,3,2,899,16,131,175,940,53,15,519,158,1046,2354,0,1,1
20,2,4,2,42,42,42,353,136,86,50,922,385,113,285,0,2,1
6,5,4,1,759,5,126,260,844,20,9,675,265,940,2137,0,0,1
21,16,3,3,475,1,100,366,517,5,3,894,384,568,1351,0,5,7
15,11,5,2,815,0,131,226,875,16,8,595,227,975,2202,0,1,1
15,26,3,6,395,33,89,310,455,70,36,793,323,503,1201,0,6,1
7,22,5,6,332,0,78,277,381,36,21,747,294,407,1004,0,2,1
10,21,5,8,1058,0,143,102,1088,8,2,244,15,1203,2798,0,6,7
23,7,5,3,589,0,121,378,632,38,18,895,390,710,1692,0,1,1
16,3,5,3,248,2,66,311,312,26,1,813,318,333,829,0,1,1
17,0,3,0,833,25,131,212,887,66,27,580,209,989,2230,0,0,1
7,2,3,1,606,0,122,365,654,70,43,861,375,731,1738,0,0,1
9,12,3,3,292,3,76,286,351,9,3,766,298,369,927,0,1,90
21,12,4,4,358,0,81,273,395,39,37,755,297,434,1057,0,1,1
11,4,4,2,660,32,124,336,763,69,35,817,349,852,1975,0,0,1
26,13,8,5,748,0,126,270,841,13,9,689,275,935,2127,0,0,1
11,12,5,4,158,2,51,338,196,4,3,904,351,195,504,0,3,7
11,3,5,2,125,1,45,330,164,2,1,918,354,163,409,0,1,1
11,5,7,1,716,47,126,295,819,86,47,741,306,918,2102,0,0,1
8,4,4,3,724,17,126,292,829,20,19,728,301,921,2109,0,1,1
8,14,6,4,925,0,131,165,959,14,9,487,132,1069,2409,0,4,30
85,21,7,4,431,4,95,347,483,16,8,878,363,529,1266,0,7,14
8,9,5,12,971,2,134,147,996,4,2,395,84,1122,2560,0,15,180
30,31,7,19,613,15,122,360,669,37,16,846,370,747,1767,0,13,90
8,1,6,3,78,0,43,338,146,60,34,893,367,135,334,0,0,1
35,17,4,4,812,0,131,229,874,17,8,600,229,971,2198,0,2,1
13,35,5,11,501,39,104,372,540,68,46,894,384,588,1404,0,4,14
11,1,5,1,748,35,126,270,841,71,36,687,275,937,2133,0,0,1
15,37,3,3,245,43,65,309,311,80,51,801,314,333,823,0,2,7
13,15,4,5,298,34,77,288,358,64,41,756,299,377,938,0,6,1
19,5,3,2,276,37,72,287,337,70,44,795,303,355,882,0,1,7
25,19,6,5,925,0,131,164,959,2,0,493,132,1068,2405,0,15,14
9,5,6,6,212,0,64,330,281,47,25,868,343,297,725,0,3,7
8,33,6,7,1009,5,138,127,1041,26,2,312,52,1174,2684,0,4,1
5,8,3,1,1065,5,143,104,1089,18,6,239,14,1203,2800,0,0,1
7,30,2,12,583,26,120,381,631,29,29,901,394,708,1686,0,7,7
27,18,5,3,91,0,44,336,152,17,13,905,370,142,353,0,9,7
8,5,4,1,51,0,43,348,140,65,38,922,383,115,294,0,0,1
10,38,4,7,504,0,105,371,541,66,41,889,388,590,1410,0,9,7
27,6,4,3,545,1,112,392,579,8,2,929,406,641,1533,0,1,7
6,24,5,9,146,2,48,329,183,8,3,916,348,181,458,0,15,14
9,10,3,3,894,12,131,177,932,10,8,524,162,1036,2331,0,1,7
5,29,6,6,882,6,131,186,925,19,4,539,169,1025,2315,0,4,14
17,13,8,9,366,0,81,273,398,15,6,747,293,439,1063,0,10,90
7,25,5,6,534,8,108,375,554,12,11,896,386,602,1445,0,7,1
9,5,4,3,340,0,80,276,387,39,39,759,300,417,1023,0,1,1
63,8,4,2,632,0,123,354,712,1,0,829,364,793,1860,0,0,1
8,7,2,2,801,0,130,240,866,2,0,615,241,967,2186,0,1,180
14,7,4,2,627,49,122,356,686,87,51,836,364,765,1806,0,0,1
118,86,6,1,717,0,126,294,821,14,13,736,305,918,2102,0,1,1
8,46,4,8,237,31,64,309,304,66,37,807,314,325,799,0,3,1
41,6,6,2,31,44,38,357,119,92,52,943,390,102,262,0,3,1
11,17,3,5,213,48,64,329,281,89,58,865,342,299,729,0,1,7
13,3,4,1,416,32,93,337,475,78,34,870,357,519,1249,0,1,1
7,85,5,10,895,5,131,176,932,13,3,522,161,1036,2336,0,6,1
28,27,5,12,282,0,74,293,344,1,0,789,307,359,898,0,11,7
2,18,6,9,686,21,125,319,799,24,24,787,329,889,2050,0,12,7
41,34,4,9,150,0,48,328,183,13,9,911,347,183,467,0,6,30
161,29,3,1,963,0,134,149,985,4,1,417,93,1106,2511,0,0,30
7,32,5,10,968,10,134,148,989,42,8,397,87,1115,2531,0,4,30
8,9,8,10,431,32,95,349,483,73,34,875,363,530,1268,0,13,7
69,28,7,2,705,48,126,304,815,88,48,760,317,911,2089,0,0,1
6,42,6,24,793,4,129,240,859,17,8,622,239,957,2169,0,11,30
26,2,4,1,781,25,128,245,853,52,26,637,249,949,2152,0,0,1
26,56,3,10,852,12,131,202,906,14,9,579,193,1008,2274,0,7,1
73,27,6,3,1635,0,217,61,1640,1,0,114,19,1323,3956,0,0,14
37,8,6,4,141,4,47,325,174,9,4,924,348,169,434,0,5,7
6,14,4,2,539,34,109,374,557,61,39,889,382,607,1460,0,1,1
54,11,4,9,160,0,52,338,204,4,3,894,351,201,518,0,14,30
2,32,7,6,1013,5,138,123,1043,25,1,306,46,1174,2693,0,6,1
6,5,5,1,648,1,123,347,747,5,3,811,355,834,1939,0,0,1
10,3,4,2,808,0,130,233,871,18,10,607,233,969,2192,0,1,1
48,9,6,4,971,0,134,147,995,1,0,397,84,1122,2559,0,2,180
8,9,6,5,504,0,105,370,541,1,0,891,386,590,1409,0,2,1
32,8,5,1,702,0,125,306,811,35,15,771,321,905,2081,0,1,1
11,11,4,2,534,23,108,375,554,29,27,895,386,602,1445,0,4,7
7,11,4,1,630,0,123,355,699,1,0,828,364,775,1829,0,0,1
6,1,5,2,106,32,45,335,160,79,38,918,363,154,389,0,2,1
5,5,4,2,824,9,131,219,882,11,9,587,217,985,2225,0,1,1
13,9,5,6,960,0,134,145,982,3,0,417,97,1101,2499,0,0,14
26,13,6,7,147,8,48,330,183,11,8,915,348,182,461,0,13,14
8,0,3,0,1401,0,195,60,1408,1,0,144,10,1246,3535,0,0,1
9,1,3,1,808,0,130,233,871,3,1,609,234,969,2192,0,0,1
10,0,2,0,778,0,127,246,849,39,23,640,251,945,2147,0,0,1
30,1,4,1,875,0,131,184,925,5,4,547,174,1020,2307,0,1,1
9,43,4,9,73,18,43,337,143,21,18,898,367,133,324,0,8,1
49,11,5,4,1024,0,138,117,1053,10,2,296,37,1180,2727,0,3,7
11,24,4,4,89,15,44,337,152,19,15,909,371,142,353,0,3,1
12,0,1,0,605,0,122,366,649,1,0,862,376,729,1735,0,0,7
17,33,6,5,368,0,82,273,404,1,0,744,295,443,1068,0,6,30
78,41,5,10,559,0,115,399,605,1,0,929,408,671,1597,0,13,7
5,24,6,6,232,0,64,314,304,41,22,808,319,325,799,0,5,1
7,3,4,2,763,15,126,257,845,20,17,660,261,940,2139,0,1,1
8,4,5,2,209,0,63,332,271,41,39,878,345,281,697,0,2,1
48,21,4,3,491,5,103,368,537,5,5,892,383,584,1394,0,3,1
8,19,3,3,71,0,43,338,142,1,0,898,371,129,317,0,3,1
6,13,4,3,232,5,64,314,304,14,6,809,319,325,799,0,1,1
9,12,4,3,82,0,43,336,149,1,0,892,364,136,335,0,1,7
6,9,4,5,1034,0,138,110,1057,15,5,282,29,1184,2734,0,1,7
8,5,5,2,597,17,121,371,641,48,18,883,381,717,1706,0,2,7
20,3,4,1,678,0,125,325,792,18,16,795,336,884,2037,0,1,1
26,14,5,2,583,17,120,384,631,53,19,900,394,708,1686,0,0,1
32,19,3,8,187,49,56,343,237,94,58,896,357,253,623,0,4,1
8,9,5,2,657,0,124,339,762,40,19,820,352,851,1972,0,1,1
30,57,6,35,865,9,131,192,916,14,11,558,181,1016,2296,0,15,90
13,2,4,1,143,8,48,329,181,12,8,912,348,179,453,0,1,1
21,9,4,4,605,0,122,366,648,24,23,867,377,725,1728,0,2,1
17,17,5,5,254,6,66,305,314,12,11,804,312,335,833,0,7,1
51,0,5,0,1629,0,216,58,1635,2,0,115,19,1321,3945,0,0,1
15,1,3,1,213,0,64,329,281,1,0,864,342,300,730,0,0,7
7,1,4,1,513,27,106,374,542,70,29,894,390,592,1419,0,0,1
6,13,6,5,930,5,131,161,960,7,4,480,128,1070,2413,0,2,1
61,12,3,5,1061,6,143,107,1089,19,7,244,15,1203,2799,0,2,365
25,0,2,0,1118,0,150,102,1128,1,0,260,10,1209,2894,0,0,90
38,4,5,2,849,0,131,204,903,16,7,579,195,1006,2270,0,1,365
7,7,5,4,1045,0,140,102,1071,1,0,267,21,1198,2768,0,1,14
7,0,2,0,417,0,93,340,476,55,32,870,356,519,1249,0,0,1
7,7,3,2,250,0,66,309,313,37,20,806,316,334,830,0,0,1
7,32,7,6,734,41,126,282,839,78,42,707,290,929,2120,0,3,1
49,29,6,11,391,41,89,308,455,67,49,779,319,500,1194,0,13,7
13,9,4,3,65,41,43,344,141,83,49,915,379,126,311,0,1,7
7,6,5,3,972,13,134,146,998,45,17,392,82,1124,2565,0,0,1
175,0,1,0,381,0,84,282,429,1,0,751,303,470,1125,0,0,1
18,12,7,5,926,20,131,164,960,57,24,486,132,1069,2409,0,6,7
13,23,5,5,68,0,43,341,141,2,0,908,374,127,312,0,0,1
22,0,1,0,213,0,64,329,281,2,1,864,342,300,730,0,0,7
27,0,3,0,697,0,125,309,808,22,7,781,325,901,2076,0,0,1
7,3,5,3,372,0,83,273,407,8,4,739,292,444,1073,0,3,1
7,0,2,0,1158,0,158,116,1174,1,0,266,7,1217,3012,0,0,1
11,38,4,10,574,0,117,386,622,73,47,895,396,696,1663,0,5,1
15,14,5,5,410,26,93,343,474,59,28,873,362,516,1237,0,1,30
6,4,7,3,682,0,125,322,795,36,16,791,333,886,2045,0,0,7
9,40,7,3,702,49,125,306,811,91,50,773,321,905,2081,0,1,1
8,30,4,1,446,0,98,354,499,26,25,890,373,537,1290,0,1,1
113,6,4,1,575,0,118,385,626,28,27,889,394,696,1666,0,1,7
1,12,2,1,958,0,131,136,971,3,2,421,99,1087,2458,0,0,1
15,17,4,4,769,13,126,251,847,16,13,653,254,941,2140,0,1,1
12,15,2,2,866,9,131,193,918,12,10,561,182,1017,2299,0,1,1
7,5,4,1,191,0,57,343,242,2,0,883,353,260,643,0,0,30
25,1,5,2,888,0,131,183,930,10,4,527,165,1030,2322,0,2,1
10,80,9,10,773,29,126,251,847,56,30,642,250,943,2142,0,10,7
25,10,6,3,119,0,45,331,162,16,10,918,356,161,401,0,12,7
8,27,4,3,615,7,122,358,670,26,10,844,367,748,1772,0,0,180
16,12,4,1,443,41,98,357,498,68,49,893,376,537,1289,0,1,1
47,10,3,4,903,23,131,171,950,63,27,511,152,1052,2365,0,1,7
2,38,5,2,1640,0,217,65,1644,1,0,117,22,1324,3963,0,0,7
38,13,4,6,161,0,52,337,204,3,2,891,350,203,521,0,3,7
8,1,4,1,799,12,129,237,864,17,14,617,237,963,2180,0,0,1
11,14,5,4,407,0,90,315,465,33,30,817,330,512,1222,0,3,1
86,2,5,3,736,2,126,282,839,8,4,703,288,929,2120,0,0,1
45,24,4,4,276,30,72,287,337,75,36,799,301,355,882,0,3,7
14,5,4,1,424,0,94,339,480,27,25,867,355,522,1254,0,1,1
52,15,6,10,514,0,106,381,544,1,0,907,397,592,1419,0,3,14
26,27,4,7,176,1,53,338,218,2,1,903,355,226,569,0,3,1
26,21,8,68,1019,5,138,118,1051,1,0,294,42,1177,2699,0,15,90
6,4,5,3,66,18,43,343,141,22,19,911,378,127,312,0,3,7
38,50,3,8,804,10,130,237,869,16,12,613,238,967,2187,0,6,14
8,25,5,9,648,22,123,347,734,24,24,816,354,816,1913,0,5,14
45,16,4,1,498,0,104,366,540,2,0,898,382,587,1400,0,1,1
36,5,6,1,714,0,126,295,817,3,2,748,307,918,2101,0,0,1
49,13,5,2,407,0,91,317,466,32,30,816,331,512,1222,0,2,1
7,1,6,2,418,0,94,341,478,29,27,870,357,521,1253,0,1,1
11,21,4,3,319,0,78,288,380,37,21,762,305,403,996,0,2,1
6,93,6,27,995,0,135,133,1018,20,7,343,61,1147,2629,0,14,90
7,8,5,2,513,2,106,375,542,2,2,902,393,592,1419,0,1,1
12,6,4,1,480,38,102,365,522,65,44,885,381,573,1365,0,0,1
39,2,4,2,325,0,78,282,380,1,0,753,300,406,1002,0,1,1
6,9,4,11,283,10,75,293,346,17,11,784,307,362,902,0,10,30
36,15,5,4,857,22,131,197,907,58,24,574,187,1008,2280,0,4,1
15,3,5,5,303,34,77,287,366,60,42,755,299,383,950,0,3,7
18,35,4,7,191,0,57,343,242,12,7,884,353,259,642,0,10,7
74,7,6,4,122,6,45,332,163,13,7,914,352,163,406,0,7,7
19,18,6,10,372,4,83,273,407,11,6,741,292,443,1071,0,8,14
8,18,4,4,730,0,126,286,837,30,14,719,296,929,2120,0,5,30
28,4,4,1,366,0,81,272,398,39,38,749,292,439,1063,0,1,1
115,15,5,5,567,0,117,392,616,1,0,899,402,692,1647,0,4,1
8,54,4,5,584,17,120,383,631,52,19,899,393,708,1686,0,5,1
4,26,4,2,475,0,101,367,518,1,0,890,385,571,1356,0,1,7
20,6,5,4,169,32,52,336,211,76,38,907,359,211,540,0,3,1
5,6,5,2,663,22,125,335,771,26,25,807,346,861,1993,0,1,7
10,17,6,2,882,6,131,186,925,18,4,537,169,1025,2315,0,2,1
16,19,6,6,287,3,75,289,347,8,7,780,302,362,903,0,6,7
4,34,5,15,952,5,131,140,971,6,4,427,105,1087,2457,0,6,14
5,10,5,2,727,0,126,289,832,31,14,726,299,925,2113,0,1,1
23,5,5,4,380,33,84,270,416,51,40,745,296,453,1089,0,1,7
10,1,5,2,351,0,81,279,390,40,24,764,302,427,1043,0,1,1
30,10,5,2,1057,7,143,103,1087,22,8,245,17,1202,2793,0,1,7
63,20,5,5,61,2,43,343,141,4,2,912,376,116,297,0,8,1
33,7,5,6,40,0,39,351,125,10,7,939,382,111,278,0,10,7
22,11,4,4,930,0,131,161,960,6,0,479,128,1071,2414,0,1,7
5,64,4,13,266,0,70,294,327,35,19,799,305,344,858,0,15,90
19,37,5,6,99,1,44,341,158,7,1,927,372,151,377,0,7,7
1,0,4,0,1341,0,184,87,1353,1,0,180,12,1239,3432,0,0,1
50,3,1,1,335,0,79,277,383,25,5,744,293,411,1011,0,0,1
9,12,5,3,378,0,83,271,409,2,0,752,297,450,1084,0,2,7
89,9,7,7,366,4,81,272,398,12,6,749,293,439,1063,0,7,7
7,19,7,12,952,13,131,140,968,9,5,436,106,1086,2452,0,5,7
54,14,3,7,1003,7,137,128,1033,26,4,314,56,1163,2660,0,0,14
8,27,4,15,874,11,131,185,925,12,8,549,175,1019,2305,0,10,30
26,10,5,2,391,0,89,308,455,1,0,781,319,499,1193,0,0,1
7,11,4,1,461,0,100,357,505,25,23,888,379,556,1331,0,1,1
18,4,2,2,289,2,76,287,351,6,5,770,299,366,917,0,0,1
52,10,6,5,1005,0,138,130,1038,6,0,316,55,1169,2672,0,2,90
53,65,3,5,518,38,106,379,545,62,44,902,395,592,1419,0,3,7
10,12,5,7,240,0,65,312,308,27,7,804,312,329,814,0,3,1
13,9,3,2,1243,0,168,78,1264,3,0,190,5,1225,3202,0,0,1
68,98,6,19,985,0,134,138,1006,18,6,369,69,1136,2602,0,14,14
6,30,8,5,720,8,126,293,828,23,8,731,305,920,2108,0,4,1
39,12,6,11,1005,0,138,130,1041,1,0,317,55,1172,2677,0,4,7
26,7,5,1,1585,0,211,78,1605,1,0,128,17,1311,3902,0,0,90
39,3,7,5,47,42,42,350,139,85,50,924,384,114,291,0,3,14
12,1,3,1,314,3,78,292,378,4,3,767,307,400,991,0,0,1
36,18,7,8,449,0,98,352,499,18,13,887,370,537,1290,0,6,7
5,7,4,1,39,0,39,352,124,5,3,940,382,110,277,0,0,1
7,20,6,7,308,0,77,290,371,36,21,766,302,387,966,0,6,14
9,5,5,6,333,1,78,278,381,24,0,747,293,408,1005,0,1,7
7,37,7,6,42,22,42,353,134,28,24,924,384,113,284,0,10,7
9,8,3,1,281,0,73,288,343,35,35,789,302,358,893,0,1,1
37,14,5,6,995,10,135,133,1018,2,0,347,62,1147,2629,0,3,7
59,26,6,7,1326,0,180,83,1339,1,0,184,10,1236,3389,0,0,365
8,8,10,9,982,5,134,139,1005,16,12,366,71,1131,2590,0,4,7
4,12,5,3,1258,0,168,68,1265,1,0,185,6,1226,3222,0,0,365
21,25,7,4,281,3,73,289,343,9,7,784,301,359,895,0,9,7
13,10,4,4,183,7,55,339,228,12,12,894,358,245,609,0,7,7
9,16,4,3,424,27,94,339,480,32,31,868,355,522,1254,0,1,1
19,29,5,7,216,0,64,327,283,1,0,851,339,303,739,0,1,90
87,26,4,2,1039,0,138,105,1059,13,4,276,25,1189,2742,0,0,1
28,10,3,2,294,31,76,284,351,73,35,762,297,371,930,0,1,1
9,3,5,2,621,10,122,360,679,14,13,835,367,757,1791,0,0,1
21,19,6,8,562,0,117,396,613,6,0,912,408,681,1620,0,5,14
4,14,3,2,237,0,64,309,305,12,10,806,314,326,803,0,0,7
5,38,3,2,219,33,64,325,289,72,39,836,335,311,756,0,1,1
40,5,5,2,5,49,21,363,53,99,57,947,384,43,144,0,0,1
10,17,6,3,750,0,126,269,841,27,12,679,273,937,2133,0,2,1
17,5,7,6,616,0,122,358,670,1,0,846,368,750,1775,0,3,90
10,49,5,1,1569,0,211,84,1589,1,0,123,10,1309,3883,0,0,1
5,12,4,2,677,21,125,323,788,23,23,803,336,880,2026,0,1,1
9,28,5,3,660,51,124,336,763,98,53,814,349,854,1980,0,2,1
9,54,5,8,925,0,131,164,959,37,17,488,132,1068,2405,0,9,14
12,10,4,3,934,17,131,157,963,53,21,461,124,1075,2423,0,0,1
22,8,1,1,214,3,64,328,282,8,6,855,341,303,739,0,0,14
12,38,5,8,562,0,117,396,612,31,12,914,408,679,1617,0,6,30
6,14,4,4,851,9,131,203,906,9,8,580,194,1008,2274,0,2,7
87,1,5,2,840,1,131,211,893,7,2,577,203,995,2248,0,0,7
7,5,4,3,149,0,48,329,183,58,32,917,348,182,463,0,1,1
7,0,2,0,914,4,131,167,955,4,3,498,142,1061,2387,0,0,1
109,44,6,10,704,10,125,305,812,28,10,761,318,910,2088,0,6,7
14,2,5,3,842,0,131,210,897,24,3,582,201,999,2255,0,0,7
16,5,3,3,229,46,64,317,302,84,54,811,322,324,795,0,1,1
5,37,6,2,704,19,125,305,812,21,21,765,320,909,2086,0,1,1
7,15,5,25,971,2,134,147,996,3,1,394,84,1122,2561,0,13,30
127,30,6,10,78,0,43,336,146,4,0,897,366,133,330,0,7,1
6,18,5,10,212,10,64,330,281,20,11,869,343,296,722,0,11,90
34,10,2,2,387,4,84,292,440,13,7,765,307,484,1158,0,2,7
22,5,2,1,1210,0,167,93,1222,1,0,221,7,1222,3124,0,0,1
8,41,5,9,1059,0,143,103,1089,1,0,246,15,1203,2799,0,6,365
26,18,6,9,1077,0,143,97,1092,8,0,233,6,1203,2806,0,6,1
51,10,4,3,788,1,128,238,857,5,2,620,240,955,2163,0,2,1
9,4,4,3,207,10,63,333,267,21,11,878,347,276,680,0,2,7
10,3,5,3,942,0,131,150,967,30,13,450,116,1080,2438,0,0,1
35,43,4,3,877,0,131,184,925,4,3,543,172,1021,2309,0,1,1
5,28,4,3,463,26,100,363,509,31,30,886,378,558,1335,0,1,1
9,29,5,7,540,0,110,379,560,2,0,897,386,615,1479,0,8,7
8,34,5,5,1006,0,138,129,1041,1,0,315,54,1172,2677,0,3,1
10,11,6,5,40,0,39,352,126,67,38,936,382,112,280,0,4,1
40,6,6,4,670,11,125,330,784,29,12,804,342,875,2020,0,2,14
10,1,5,3,248,43,66,311,312,78,51,811,318,334,830,0,2,7
24,8,3,2,536,35,109,377,555,62,40,890,383,605,1453,0,0,1
10,17,4,2,517,38,106,380,544,63,44,906,396,592,1419,0,1,1
9,8,6,4,119,0,45,327,162,60,34,915,351,160,398,0,3,1
9,23,5,6,337,22,79,276,385,25,25,751,296,414,1015,0,3,1
3,22,2,1,639,0,123,348,716,1,0,825,359,798,1870,0,0,90
36,22,5,7,1005,0,138,128,1038,13,4,317,55,1168,2669,0,2,7
16,20,2,2,559,0,116,399,606,7,3,931,412,674,1602,0,0,1
25,4,3,2,197,52,58,343,248,95,62,893,356,262,651,0,1,7
20,9,3,3,280,0,72,287,341,2,0,790,302,358,892,0,3,1
29,4,3,4,450,38,98,351,499,66,45,885,368,537,1290,0,2,1
7,10,6,5,895,5,131,179,936,5,4,524,162,1043,2349,0,2,7
8,15,5,2,63,41,43,346,141,85,49,921,380,119,301,0,2,1
25,1,5,1,289,2,76,287,351,7,6,771,300,366,917,0,2,1
328,31,6,4,1635,0,217,61,1641,1,0,115,19,1323,3959,0,1,1000
28,1,4,1,552,22,115,399,600,72,24,933,409,663,1573,0,0,7
52,14,4,5,987,0,134,136,1009,15,5,360,67,1140,2610,0,1,1
27,11,5,3,473,16,100,368,517,16,17,900,386,566,1347,0,2,1
7,3,4,1,372,0,83,273,407,41,36,738,292,445,1074,0,2,7
6,45,5,9,849,0,131,205,906,36,18,579,195,1007,2271,0,10,7
43,3,5,3,455,38,98,353,501,63,43,890,369,542,1297,0,0,1
8,13,4,6,607,0,122,364,660,11,8,861,374,735,1746,0,5,7
29,22,4,12,533,0,108,375,553,15,13,900,387,599,1441,0,13,90
12,7,5,4,409,43,91,318,466,70,51,821,334,513,1226,0,1,1
36,22,8,7,15,47,31,366,91,99,56,942,394,78,219,0,6,7
26,2,3,3,302,0,77,287,359,10,8,754,296,378,943,0,2,1
33,5,5,2,714,0,126,295,817,33,14,748,307,916,2099,0,1,1
34,43,6,3,616,3,122,361,677,12,6,841,369,751,1777,0,2,1
19,37,5,20,463,0,100,360,506,16,14,887,379,557,1334,0,15,180
11,2,6,4,387,1,84,299,440,4,1,774,313,485,1160,0,1,14
27,8,8,7,664,0,125,334,777,16,11,808,347,866,2001,0,8,7
56,20,6,6,777,0,127,247,849,21,12,640,252,945,2147,0,5,7
7,12,6,7,32,27,38,358,119,27,28,938,387,104,268,0,4,1
9,45,6,6,724,8,126,292,829,9,7,727,301,921,2109,0,1,1
9,55,2,2,358,0,81,273,395,2,1,755,297,434,1057,0,2,7
5,8,5,5,847,8,131,205,903,10,8,582,197,1004,2267,0,1,1
19,35,5,8,576,0,118,387,627,14,11,900,398,703,1676,0,8,14
9,1,4,1,521,16,106,377,545,19,18,897,393,594,1422,0,0,7
23,5,4,1,152,0,48,330,183,1,0,907,349,187,474,0,0,1
15,4,3,2,213,48,64,329,281,86,58,862,341,300,730,0,1,1
7,28,6,11,1006,3,138,129,1041,2,0,314,54,1173,2679,0,6,7
7,16,5,5,174,12,52,340,213,20,13,908,358,224,564,0,3,90
103,46,2,2,578,0,119,386,630,13,11,904,399,706,1683,0,3,7
8,1,6,3,4,50,16,354,42,95,58,930,374,38,136,0,1,1
15,17,5,4,158,0,50,327,191,12,7,899,349,194,501,0,5,30
38,12,6,4,23,46,33,364,100,95,54,949,395,88,237,0,3,1
8,9,7,4,1005,12,138,128,1038,36,14,317,55,1167,2668,0,1,180
6,53,5,15,281,31,74,289,344,71,36,782,301,359,895,0,14,1
6,0,1,0,769,12,126,254,847,16,14,652,254,941,2140,0,0,1
20,9,1,1,787,0,128,239,857,4,1,628,242,954,2160,0,0,1
4,1,3,1,311,0,78,291,376,1,1,762,304,393,976,0,0,1
8,12,7,3,222,0,64,323,295,43,23,827,331,319,773,0,3,90
10,7,4,2,856,19,131,198,907,57,20,578,189,1008,2279,0,1,7
7,8,4,2,963,0,134,150,985,1,0,415,92,1106,2511,0,0,1
33,1,4,1,276,0,72,287,337,1,0,799,302,355,882,0,0,90
11,93,5,6,630,0,123,355,699,9,8,829,364,775,1829,0,8,30
11,37,7,14,211,34,63,330,275,76,40,876,344,282,698,0,12,7
10,9,7,4,708,9,126,301,815,27,9,757,314,913,2093,0,2,1
29,45,4,24,213,34,64,329,281,74,40,866,342,299,729,0,14,14
8,10,7,5,380,1,84,270,416,2,1,743,297,455,1091,0,3,7
23,5,4,1,1537,0,206,103,1556,9,0,176,14,1295,3821,0,0,1000
102,18,3,4,344,0,80,283,388,13,10,778,307,423,1034,0,5,30
24,3,4,2,431,0,95,347,483,32,15,876,364,530,1268,0,1,1
28,9,3,3,1019,11,138,121,1052,26,12,292,41,1177,2700,0,1,7
9,1,4,1,884,0,131,185,926,37,18,536,169,1027,2317,0,0,1
7,1,6,3,143,0,48,328,181,59,33,913,347,179,451,0,1,7
68,40,7,14,31,1,38,357,119,3,1,943,390,102,261,0,11,1
9,55,5,5,141,0,47,325,174,5,2,928,348,169,434,0,3,14
9,6,3,1,622,0,122,359,680,64,40,833,366,758,1792,0,0,1
11,0,1,0,221,0,64,324,292,1,0,826,330,314,763,0,0,7
5,5,4,1,799,0,129,237,864,29,5,618,237,963,2180,0,0,7
75,5,5,4,162,50,52,337,205,90,58,888,347,204,523,0,2,1
92,33,3,5,209,0,63,331,271,3,0,878,345,280,692,0,4,14
6,10,5,6,141,11,47,325,174,16,15,923,348,169,434,0,14,7
10,24,9,9,1019,0,138,121,1051,7,3,294,41,1177,2700,0,7,180
6,20,7,16,14,0,31,367,87,13,11,946,394,71,208,0,9,1
13,24,5,12,580,0,120,384,631,70,46,900,396,708,1686,0,7,7
120,6,4,3,864,0,131,193,916,1,0,557,180,1015,2294,0,1,180
12,3,4,2,517,0,106,380,544,66,41,908,396,592,1419,0,0,1
6,1,5,2,725,0,126,291,832,51,34,727,301,922,2110,0,0,1
18,14,4,2,952,0,131,140,969,1,0,432,105,1086,2455,0,2,1
20,8,6,3,504,28,106,373,542,65,30,886,391,591,1411,0,1,7
1,27,3,10,971,0,134,147,995,1,0,398,84,1122,2559,0,6,7
84,7,6,1,720,0,126,293,826,14,10,732,305,920,2108,0,0,1
4,12,2,1,974,0,134,145,1000,3,1,376,79,1127,2578,0,0,1
7,4,3,1,200,0,59,340,250,42,40,889,355,266,659,0,1,1
26,15,5,6,409,0,92,340,470,6,1,865,358,514,1231,0,2,7
6,20,5,5,743,0,126,275,840,49,32,695,280,934,2126,0,4,1
9,29,8,13,738,16,126,280,840,18,17,700,285,931,2123,0,13,7
33,50,6,8,482,0,103,367,530,1,0,884,383,576,1377,0,9,90
4,3,3,1,294,31,76,284,351,72,35,761,297,371,930,0,0,1
5,6,5,3,1024,10,138,117,1053,27,11,299,37,1179,2724,0,3,1
14,32,3,2,293,0,76,285,351,27,7,763,298,371,930,0,0,1
10,6,6,4,143,8,48,329,181,22,8,913,348,179,453,0,4,1
39,4,4,1,773,29,126,251,847,54,30,640,250,943,2142,0,0,1
28,14,7,9,107,0,45,334,160,16,12,916,362,154,389,0,7,14
17,24,3,7,650,0,123,345,753,8,7,823,358,845,1960,0,6,7
9,6,3,1,780,0,128,245,851,39,22,640,250,946,2149,0,0,1
21,6,5,2,763,30,126,256,845,58,31,663,261,940,2139,0,2,1
9,15,5,10,927,2,131,164,960,8,1,485,130,1069,2409,0,5,90
16,1,3,1,909,0,131,168,952,1,0,502,147,1056,2374,0,0,1
31,21,4,4,563,41,117,396,615,78,46,906,406,687,1638,0,3,7
6,4,4,3,734,17,126,282,839,19,18,706,290,929,2120,0,1,1
35,11,6,11,358,0,81,273,395,12,7,757,297,434,1057,0,15,14
25,8,5,2,409,0,91,320,466,14,10,819,335,513,1228,0,3,7
7,5,4,4,482,24,103,365,529,28,28,880,380,574,1370,0,1,1
8,13,7,11,925,0,131,164,959,1,0,489,132,1068,2405,0,5,30
15,25,6,14,471,17,100,370,514,17,18,902,388,565,1346,0,7,30
11,5,5,7,382,33,84,282,429,69,38,749,302,470,1125,0,10,30
17,0,2,0,607,24,122,364,654,27,26,860,374,731,1738,0,1,7
15,17,7,9,281,0,73,289,343,7,5,785,301,359,894,0,11,90
5,51,4,6,763,0,126,257,845,43,26,658,261,940,2139,0,7,7
9,9,5,7,778,13,127,246,850,14,13,640,251,946,2149,0,6,7
5,39,4,4,804,10,130,237,869,15,12,612,238,967,2187,0,3,1
120,29,4,5,183,5,55,340,230,11,6,896,359,248,615,0,6,7
72,134,6,13,42,1,39,352,129,2,1,926,382,113,283,0,13,7
59,31,8,2,1790,0,231,77,1799,2,0,129,27,1400,4231,0,4,1000
7,5,5,6,442,25,98,358,498,31,30,896,377,536,1287,0,5,7
10,6,3,4,753,0,126,266,841,44,26,679,271,938,2134,0,2,1
39,28,9,9,16,47,33,366,98,98,56,945,397,81,225,0,10,1
18,2,5,3,570,39,117,390,621,76,44,897,400,693,1658,0,2,1
5,4,4,1,440,0,96,351,491,25,24,882,367,533,1277,0,1,1
68,24,5,11,388,0,84,298,443,1,0,774,316,488,1173,0,9,7
14,30,5,3,777,0,127,247,849,32,7,641,249,945,2147,0,0,1
16,31,5,4,936,11,131,155,963,47,9,459,122,1075,2426,0,1,1
16,0,1,0,387,0,84,291,440,1,0,755,302,483,1154,0,0,1
12,1,1,1,1071,4,143,99,1091,14,2,229,7,1203,2802,0,0,1
26,7,3,2,815,0,131,226,877,9,5,592,227,978,2207,0,0,1
17,22,4,1,378,0,83,270,409,1,0,745,293,449,1082,0,0,1
8,9,5,5,87,41,43,337,151,80,48,908,370,141,350,0,3,1
4,6,3,1,223,0,64,322,297,37,36,823,330,319,774,0,1,1
5,13,4,1,545,1,112,392,578,9,2,930,406,641,1533,0,0,7
23,24,5,2,950,0,131,142,968,4,0,441,108,1084,2448,0,1,1
32,4,6,2,137,0,46,320,169,1,0,916,344,166,416,0,4,1
9,37,5,8,282,0,74,291,344,12,9,782,302,359,897,0,15,14
15,15,9,6,681,0,125,323,795,37,16,792,334,885,2043,0,5,7
7,3,4,2,288,9,76,288,351,16,10,775,301,366,915,0,2,1
22,30,6,14,141,9,47,325,174,14,9,927,348,169,434,0,15,7
34,0,1,0,228,0,64,318,302,2,0,812,324,323,794,0,0,1
9,47,7,13,804,0,130,237,869,42,22,611,238,967,2188,0,11,7
13,9,5,4,884,0,131,185,925,3,1,535,168,1026,2316,0,5,7
12,1,5,1,746,36,126,272,840,75,37,692,276,934,2126,0,0,1
47,15,3,4,963,0,134,149,985,4,1,415,92,1106,2511,0,0,14
4,21,7,15,1024,4,138,117,1053,8,0,295,37,1180,2727,0,5,1
6,2,4,1,878,6,131,189,925,6,5,545,173,1024,2314,0,0,1
6,35,4,10,686,0,125,320,800,59,37,792,331,895,2064,0,5,7
40,21,5,9,963,0,134,150,985,2,1,413,92,1106,2511,0,3,180
47,9,4,5,686,29,125,319,799,62,31,786,329,890,2051,0,3,180
4,4,4,6,504,22,106,373,542,28,26,884,391,591,1411,0,3,1
11,30,6,9,692,29,125,314,808,63,31,788,329,899,2072,0,4,7
19,0,1,0,840,1,131,211,893,6,1,576,202,995,2248,0,0,1
5,6,3,1,628,0,123,357,690,64,40,831,364,768,1810,0,0,7
6,31,7,11,420,27,94,339,478,33,31,869,356,521,1253,0,11,30
77,35,5,5,903,0,131,171,945,2,0,515,153,1050,2361,0,15,14
8,38,5,11,562,21,117,396,612,59,23,913,408,680,1618,0,13,30
39,41,6,5,917,0,131,172,958,3,0,501,140,1065,2396,0,14,14
43,60,7,6,427,0,95,342,482,2,0,863,356,525,1260,0,6,1
10,5,5,1,711,24,126,298,816,58,26,753,311,915,2096,0,0,1
18,68,5,25,916,11,131,171,958,9,8,501,141,1061,2392,0,15,14
8,20,6,2,16,0,33,365,98,10,6,944,395,81,224,0,2,7
4,2,4,1,800,0,129,238,864,28,4,616,236,963,2180,0,0,1
119,61,3,16,932,0,131,159,963,3,0,472,126,1073,2420,0,15,30
5,6,4,1,554,2,115,398,604,6,5,931,412,668,1586,0,0,1
27,2,3,1,221,0,64,324,292,1,0,828,330,313,760,0,0,1
22,7,7,4,903,0,131,171,950,1,0,510,152,1052,2365,0,1,90
8,3,4,1,100,14,45,340,159,17,14,926,371,152,384,0,1,7
21,7,6,5,122,5,45,332,163,12,5,912,352,163,407,0,5,7
187,73,5,21,958,0,131,140,971,13,8,414,97,1092,2467,0,15,14
33,4,5,1,343,1,80,273,387,5,4,755,297,417,1023,0,2,1
4,16,4,4,172,9,52,334,213,14,14,902,356,217,551,0,2,7
19,10,1,1,787,0,128,239,857,3,0,627,241,954,2160,0,0,1
30,9,3,3,204,51,60,336,254,91,61,882,351,270,663,0,1,7
9,0,1,0,745,0,126,273,840,48,31,694,278,934,2126,0,0,1
6,24,4,1,1410,0,197,71,1425,2,0,143,9,1252,3579,0,0,1000
6,5,4,3,1024,0,138,117,1053,6,1,294,37,1180,2727,0,0,1
30,20,7,3,1302,0,170,77,1306,4,0,183,7,1233,3324,0,3,1000
23,19,7,4,664,0,125,334,777,39,18,806,347,867,2005,0,2,7
29,23,7,7,866,9,131,193,918,13,11,563,183,1017,2299,0,10,7
5,5,3,1,237,31,64,309,304,67,37,808,314,325,799,0,0,1
11,2,4,1,840,0,131,211,893,40,18,575,202,995,2248,0,0,7
7,48,3,4,183,0,55,335,221,55,29,897,355,232,586,0,3,7
7,4,7,4,1018,3,138,119,1051,9,2,297,42,1177,2699,0,2,7
18,11,5,5,849,25,131,204,903,61,27,579,196,1006,2270,0,5,1
149,2,7,3,670,32,125,330,787,66,35,803,342,875,2020,0,1,1
36,14,8,7,716,9,126,295,820,25,9,740,306,918,2102,0,6,7
12,8,5,2,1151,0,158,119,1173,10,1,266,9,1217,3006,0,2,90
33,23,4,1,631,0,123,354,705,24,8,828,364,786,1847,0,0,7
3,24,6,4,724,0,126,289,829,34,9,729,301,921,2109,0,2,1
29,12,2,2,711,24,126,298,816,59,26,754,311,915,2096,0,2,180
49,3,4,3,266,40,70,294,325,74,48,798,304,341,852,0,2,1
10,46,6,8,409,0,91,320,466,49,25,821,334,513,1226,0,7,7
9,2,7,1,738,9,126,280,840,18,8,699,285,931,2123,0,0,1
24,8,6,2,981,0,134,138,1003,1,0,373,74,1128,2583,0,1,1
6,44,3,7,460,0,100,357,504,60,37,890,380,555,1329,0,8,14
17,15,5,5,897,17,131,177,938,54,16,520,160,1043,2349,0,1,7
5,1,4,1,567,0,117,392,616,29,27,896,402,692,1647,0,1,1
62,40,4,6,174,0,52,340,214,2,1,907,359,225,567,0,10,7
9,26,5,5,64,0,43,345,141,63,37,918,379,124,308,0,6,7
13,4,1,1,679,0,125,324,795,1,0,796,335,885,2043,0,0,1
5,1,4,1,597,0,121,371,641,1,0,883,382,717,1706,0,0,1
103,5,4,2,312,4,78,293,378,13,5,768,308,398,986,0,3,14
29,14,7,19,340,6,80,276,387,9,7,761,300,417,1023,0,13,90
13,44,6,5,102,0,45,339,160,61,36,922,369,153,386,0,8,7
19,15,5,10,560,0,116,398,607,17,13,925,411,676,1605,0,8,7
9,20,6,5,141,3,47,330,176,8,4,920,349,176,442,0,6,30
19,6,3,1,224,0,64,321,297,36,35,822,329,319,774,0,1,1
5,1,4,1,861,18,131,196,913,54,18,559,183,1011,2290,0,0,1
84,21,5,7,390,0,88,300,454,2,1,770,314,495,1183,0,8,14
94,22,4,22,982,1,134,140,1005,5,0,365,71,1132,2591,0,5,180
7,3,4,2,773,0,126,251,847,41,24,644,250,943,2142,0,1,1
29,11,4,1,613,0,122,360,669,1,0,847,370,747,1767,0,0,1
9,15,4,1,626,0,122,356,686,1,0,837,364,765,1806,0,0,1
6,8,5,2,61,0,43,343,141,64,37,912,376,116,297,0,0,1
9,25,5,10,1000,0,136,129,1026,9,6,324,57,1158,2649,0,4,90
16,6,5,4,518,0,106,379,545,1,0,901,395,592,1419,0,3,1
21,1,5,2,378,33,83,271,409,52,40,750,297,450,1084,0,0,7
48,23,5,4,160,4,52,338,204,8,4,898,351,200,516,0,5,7
100,3,5,2,840,0,131,211,894,8,4,574,202,995,2248,0,0,7
15,25,5,4,718,0,126,294,823,1,0,736,305,919,2106,0,2,14
8,13,4,1,362,20,81,272,397,24,23,748,295,438,1062,0,1,1
5,4,4,1,485,39,103,372,534,66,45,888,387,577,1382,0,0,1
9,21,4,3,445,31,98,355,499,69,33,891,374,537,1290,0,0,14
36,5,6,3,19,46,33,367,99,97,54,944,392,84,230,0,3,1
34,41,8,11,1111,0,149,102,1122,6,0,268,8,1208,2873,0,5,90
9,25,7,15,419,27,94,340,478,34,31,869,356,521,1253,0,8,30
5,10,4,1,792,0,129,241,859,13,12,621,239,957,2169,0,1,1
11,5,4,1,154,5,49,329,190,9,5,906,350,191,488,0,0,1
33,11,4,2,1069,0,143,100,1090,4,1,236,11,1203,2802,0,0,1
6,1,4,2,282,0,74,294,344,3,3,784,307,359,898,0,0,7
7,42,5,21,337,0,80,276,386,37,22,753,298,414,1017,0,15,14
11,3,6,2,738,16,126,280,840,17,17,698,285,931,2123,0,2,1
17,16,9,9,318,4,78,288,380,4,4,762,305,403,996,0,12,14
6,2,4,1,501,3,104,370,540,4,3,897,384,588,1404,0,0,7
9,10,7,10,429,32,95,348,483,74,34,876,364,528,1264,0,10,7
5,1,4,1,397,0,89,317,460,36,33,805,332,506,1211,0,0,7
8,4,4,2,940,0,131,152,967,32,14,452,118,1080,2435,0,0,1
7,20,4,5,124,8,45,331,164,20,9,916,352,163,408,0,5,1
20,19,4,6,432,0,95,349,483,1,0,880,367,530,1270,0,1,7
12,1,5,1,460,0,100,357,504,26,23,891,380,555,1328,0,1,1
6,15,4,4,180,8,53,334,219,14,13,897,351,226,571,0,3,7
73,10,5,5,457,37,100,359,504,60,42,892,380,551,1324,0,1,1
25,20,5,3,800,0,130,241,866,10,6,617,240,965,2183,0,3,7
17,6,3,2,704,49,125,305,812,89,49,762,319,910,2088,0,0,1
19,1,4,1,589,0,121,378,632,37,18,894,390,710,1692,0,0,1
18,34,7,11,877,9,131,183,925,11,10,546,172,1020,2308,0,13,30
9,9,3,2,65,0,43,344,141,61,36,916,379,126,311,0,2,1
22,9,4,2,590,0,121,377,639,26,25,892,390,713,1698,0,1,1
54,7,4,2,553,42,115,399,602,77,47,926,409,666,1581,0,2,30
38,9,5,3,440,24,96,350,489,32,29,883,367,532,1276,0,1,1
8,16,5,4,514,0,106,381,544,2,1,908,397,592,1419,0,1,30
7,20,6,8,159,31,51,339,198,32,32,902,352,197,510,0,15,14
22,28,3,4,211,0,64,331,280,39,37,871,344,295,720,0,3,1
1,8,3,2,436,0,95,351,485,1,0,885,367,532,1272,0,1,1
38,68,7,7,99,0,44,332,154,4,2,903,363,144,360,0,2,1
12,33,4,2,327,2,78,280,380,10,3,749,298,406,1002,0,3,1
119,16,5,4,562,0,117,396,612,15,12,918,408,678,1613,0,6,7
123,5,5,2,344,5,80,283,388,13,7,776,307,423,1034,0,3,14
9,1,4,3,203,29,60,337,254,30,30,887,352,267,660,0,1,1
29,16,5,18,1059,0,143,107,1089,7,3,246,15,1203,2799,0,9,14
23,58,5,4,729,43,126,287,832,84,44,723,297,925,2113,0,4,1
8,38,4,7,810,0,131,231,873,41,22,604,231,969,2195,0,6,7
104,34,6,13,254,32,66,305,314,76,38,803,312,335,833,0,14,90
33,15,5,3,870,2,131,189,922,12,4,556,178,1017,2299,0,3,14
20,8,3,2,255,41,67,304,316,75,49,799,311,335,839,0,1,1
6,29,5,9,1038,0,138,106,1057,2,0,278,26,1187,2739,0,5,14
26,6,3,3,613,0,122,359,666,38,17,848,369,745,1764,0,2,1
8,34,5,2,702,0,125,306,811,56,36,769,320,907,2084,0,1,1
37,4,5,4,298,34,77,288,358,62,41,754,299,377,939,0,1,1
16,9,9,5,115,4,45,327,161,11,6,916,353,160,397,0,15,1
9,35,5,21,226,33,64,319,298,69,39,815,327,320,781,0,15,14
7,14,5,4,205,0,63,335,266,53,26,879,350,275,679,0,5,7
152,5,4,1,847,0,131,205,903,6,5,583,197,1004,2267,0,1,7
4,39,6,6,1045,0,140,102,1071,9,3,266,21,1198,2768,0,8,7
46,8,5,2,577,0,119,387,630,1,0,907,400,706,1683,0,0,7
4,5,4,1,55,1,43,349,141,2,1,921,382,115,296,0,0,1
47,5,6,1,888,2,131,183,930,10,4,533,166,1030,2322,0,5,7
12,5,4,1,542,0,110,383,563,1,0,900,388,625,1502,0,0,1
15,1,4,2,903,0,131,171,945,1,0,514,153,1050,2362,0,1,1
108,11,5,7,440,0,97,355,497,6,2,885,369,535,1280,0,4,7
28,6,4,6,351,32,81,279,391,76,37,763,302,427,1044,0,4,14
9,16,4,3,102,33,45,339,160,81,39,924,369,153,386,0,1,1
55,43,7,6,874,18,131,185,925,53,18,551,175,1019,2305,0,10,14
13,16,5,1,729,43,126,287,837,83,44,721,297,929,2119,0,0,1
6,18,5,3,555,21,115,398,605,67,23,931,412,668,1588,0,3,7
13,12,4,14,569,8,117,390,616,10,8,895,400,692,1648,0,15,90
7,14,6,9,98,14,44,331,153,18,14,901,362,143,359,0,11,1
7,2,4,1,797,0,129,239,862,12,11,621,239,962,2178,0,1,1
7,4,4,3,501,23,104,370,540,28,27,896,384,588,1404,0,1,1
125,24,7,13,955,0,131,137,971,17,9,424,103,1087,2457,0,14,90
10,13,4,3,753,33,126,266,841,63,34,678,271,938,2135,0,2,7
44,10,5,4,401,0,90,316,462,23,15,810,330,509,1215,0,4,1
21,1,4,1,885,0,131,185,927,3,2,534,168,1027,2317,0,1,1
7,32,3,4,174,31,52,340,214,34,32,906,358,225,567,0,1,7
6,13,3,2,913,0,131,168,955,2,1,499,143,1060,2386,0,2,365
6,5,7,6,91,23,44,336,152,25,23,906,370,142,353,0,6,7
28,9,5,5,1058,0,143,102,1087,8,3,245,15,1203,2798,0,0,30
20,11,2,3,534,3,108,374,553,10,4,898,386,602,1444,0,0,1
27,2,3,1,271,3,72,291,336,11,3,799,305,350,874,0,0,14
49,5,4,1,541,0,110,384,563,1,0,897,386,623,1496,0,0,1
6,31,5,28,892,12,131,179,930,11,8,526,164,1033,2327,0,15,30
9,4,3,2,230,45,64,316,303,83,53,810,321,324,796,0,1,1
6,7,4,1,431,42,95,347,483,69,50,879,363,529,1266,0,1,1
6,1,6,1,743,8,126,275,840,17,7,696,280,934,2126,0,0,1
37,47,4,33,553,0,115,399,602,2,0,928,408,666,1580,0,15,90
28,6,3,2,209,0,63,332,271,11,8,879,345,281,696,0,1,1
9,8,5,2,762,31,126,257,845,60,32,666,262,940,2139,0,2,1
8,16,3,2,311,7,77,290,375,13,8,760,303,392,973,0,1,1
101,14,8,10,559,0,116,399,606,8,4,932,413,673,1601,0,13,90
20,15,6,8,788,0,128,238,857,4,2,624,240,954,2161,0,1,7
10,121,7,3,662,50,124,334,764,96,52,812,347,856,1982,0,3,1
29,16,6,20,1013,0,138,123,1043,8,4,305,46,1174,2693,0,15,30
29,40,4,6,376,1,83,270,409,2,1,740,291,448,1078,0,3,30
3,7,4,3,1053,8,141,105,1074,23,9,249,19,1201,2778,0,0,7
8,24,3,5,183,30,55,341,230,31,31,896,359,248,615,0,8,90
52,1,5,2,590,0,121,377,635,1,0,894,390,711,1695,0,0,1
21,3,4,3,998,12,136,131,1024,39,14,331,58,1153,2640,0,2,1
18,20,4,5,213,0,64,329,282,1,0,859,342,300,731,0,2,14
6,13,3,2,841,25,131,210,895,65,27,572,201,997,2252,0,2,7
13,16,5,2,1243,0,168,78,1264,4,1,191,6,1225,3202,0,1,365
31,2,4,1,810,0,131,231,873,1,0,605,231,969,2195,0,0,14
6,67,3,5,817,23,131,224,877,43,24,592,225,980,2210,0,2,7
20,4,5,4,269,30,71,293,332,75,36,799,303,346,861,0,2,1
15,64,4,4,271,4,71,291,334,6,4,801,303,347,867,0,3,7
52,100,6,1,1629,0,216,58,1635,3,1,116,20,1321,3945,0,0,1000
30,27,2,6,22,47,33,365,99,96,55,948,393,84,231,0,4,7
4,56,5,8,606,8,122,365,650,27,11,860,374,729,1735,0,4,30
6,3,4,2,575,1,117,385,624,3,2,890,395,696,1665,0,0,7
5,16,5,3,478,24,101,364,520,30,28,887,383,571,1359,0,2,1
19,7,4,1,606,0,122,365,650,2,0,861,375,729,1735,0,0,1
8,2,4,2,461,4,100,359,505,9,7,888,379,556,1332,0,1,1
31,45,4,3,884,6,131,186,926,15,4,535,169,1027,2317,0,1,1
112,1,4,1,478,0,101,364,520,37,19,888,383,571,1359,0,1,1
45,8,4,1,413,0,93,340,475,30,27,871,359,517,1241,0,1,7
25,21,5,7,496,0,104,363,539,1,0,891,379,586,1398,0,6,1
6,23,6,8,858,23,131,198,909,56,25,568,185,1009,2281,0,4,1
6,8,6,3,787,12,128,239,857,13,12,625,241,954,2160,0,5,1
9,12,3,3,557,0,115,396,605,77,47,926,410,668,1588,0,2,7
5,9,3,1,449,39,98,351,499,67,47,889,370,537,1290,0,0,1
14,24,4,1,1541,0,206,99,1556,7,0,173,14,1295,3837,0,0,1000
5,8,4,7,542,1,111,383,570,8,1,900,391,631,1513,0,8,90
118,15,5,8,578,0,119,386,630,30,9,901,398,706,1684,0,7,7
26,1,5,1,685,0,125,319,797,16,15,788,330,886,2045,0,1,1
13,28,5,1,734,41,126,282,839,80,42,709,290,929,2120,0,1,1
6,19,4,4,175,0,53,339,217,58,30,905,357,226,569,0,3,7
8,30,4,14,613,0,122,359,667,66,42,847,369,745,1764,0,14,7
9,20,4,4,47,21,42,350,139,27,22,923,385,114,291,0,3,1
15,9,4,2,530,7,106,373,546,30,9,894,389,594,1427,0,3,7
58,27,7,7,146,0,48,329,183,8,3,915,349,181,458,0,10,1
53,8,5,2,21,0,33,366,99,1,0,946,393,84,231,0,2,1
40,1,4,3,298,34,77,288,358,65,42,757,300,375,936,0,1,1
48,38,7,38,320,30,78,287,380,75,35,759,304,405,999,0,15,30
9,3,6,3,864,12,131,193,915,13,9,557,180,1013,2292,0,2,7
82,6,3,3,162,50,52,337,205,92,59,890,348,204,522,0,2,1
11,5,5,5,923,21,131,166,958,59,25,496,134,1068,2404,0,0,7
43,28,4,4,859,19,131,198,913,55,19,560,185,1011,2289,0,3,7
11,2,4,1,832,0,131,212,886,42,19,582,209,989,2229,0,0,1
51,32,8,16,380,5,84,280,424,12,8,740,297,466,1109,0,13,90
8,4,4,1,440,0,96,351,490,26,24,882,367,533,1277,0,1,1
32,18,4,3,553,22,115,399,602,68,24,929,408,666,1579,0,2,30
12,0,2,0,1071,4,143,99,1091,15,4,230,9,1203,2802,0,0,1
110,19,6,2,693,0,125,313,808,15,14,783,328,901,2076,0,1,7
21,0,4,0,727,45,126,289,832,86,46,725,299,925,2113,0,0,1
12,22,5,15,194,1,57,341,245,2,1,887,353,261,646,0,10,7
74,6,4,2,811,0,131,230,874,11,10,601,230,971,2198,0,2,7
65,19,8,8,71,0,43,338,141,2,0,905,371,128,314,0,14,7
85,9,5,8,455,25,98,353,501,30,29,888,369,542,1297,0,5,7
17,12,6,6,385,6,84,281,431,10,6,751,301,476,1134,0,2,14
13,12,3,2,276,37,72,287,337,69,44,794,303,355,882,0,2,1
10,3,4,2,86,16,43,338,151,20,16,905,370,140,346,0,1,1
16,4,3,1,679,30,125,324,794,65,32,798,335,885,2043,0,0,1
24,49,3,2,663,0,125,333,769,1,0,807,345,858,1986,0,2,1
115,13,3,5,654,3,124,342,759,11,5,822,353,848,1966,0,3,180
11,10,6,6,276,37,72,287,337,72,44,796,302,355,882,0,3,7
6,2,4,2,153,0,48,330,187,7,3,905,351,190,483,0,2,14
13,17,7,9,690,9,125,316,804,10,8,791,330,899,2071,0,5,1
5,8,7,7,212,0,64,330,281,48,25,869,343,296,722,0,6,7
9,15,7,6,475,0,100,366,517,1,0,892,384,569,1353,0,3,7
11,7,5,4,995,10,135,133,1016,3,0,350,62,1145,2626,0,1,14
4,16,8,11,506,0,106,376,542,5,1,892,393,591,1415,0,4,30
21,5,5,3,376,32,83,270,409,51,39,742,292,448,1080,0,8,7
44,12,5,7,89,0,44,337,152,2,2,907,370,141,352,0,12,7
14,13,6,10,968,0,134,149,993,17,8,397,87,1115,2531,0,7,7
20,25,2,6,221,48,64,324,292,85,57,827,330,313,762,0,4,1
6,4,4,1,530,0,106,373,546,31,30,895,389,594,1427,0,1,1
8,12,4,1,977,0,134,142,1002,10,6,374,78,1127,2578,0,0,1
10,11,1,1,856,19,131,198,907,56,19,577,188,1008,2279,0,0,1
23,39,8,48,1018,0,138,119,1051,1,0,298,42,1177,2699,0,15,365
48,2,4,3,501,0,104,370,540,1,0,897,384,588,1404,0,2,7
53,9,1,1,213,0,64,329,282,2,0,857,342,302,738,0,0,7
14,12,5,3,771,13,126,253,847,15,13,647,252,941,2140,0,2,1
7,20,5,7,857,1,131,199,909,4,2,569,186,1009,2281,0,11,14
8,18,4,1,466,0,100,363,511,25,23,886,376,558,1337,0,1,1
7,5,5,1,735,40,126,281,839,77,41,705,289,929,2120,0,0,1
8,1,4,1,685,0,125,319,797,17,15,789,330,886,2045,0,1,7
14,16,5,1,141,9,47,329,174,13,9,922,349,171,436,0,2,7
10,10,4,3,504,0,105,370,541,67,41,890,384,589,1408,0,0,90
8,17,5,3,250,4,66,309,312,13,5,808,316,334,830,0,4,7
13,56,4,10,563,8,117,396,616,30,11,905,406,687,1638,0,15,30
13,1,4,1,816,9,131,225,877,21,8,592,226,980,2210,0,0,14
28,9,5,2,552,0,115,400,600,1,0,932,409,664,1575,0,1,1
6,6,5,2,973,11,134,145,999,5,2,385,81,1126,2572,0,0,1
477,81,8,22,1052,4,141,96,1074,22,0,267,19,1201,2776,0,7,30
4,3,4,2,739,0,126,279,840,50,32,697,284,934,2126,0,0,1
12,29,7,8,982,5,134,140,1005,5,2,362,71,1133,2592,0,3,14
11,50,4,3,517,28,106,380,544,71,30,904,396,592,1419,0,3,7
17,4,6,2,979,0,134,140,1003,19,6,374,76,1128,2581,0,0,1
35,12,2,1,985,0,134,138,1006,1,0,368,69,1137,2604,0,0,30
19,36,5,7,287,1,75,289,347,4,3,779,302,363,910,0,14,90
58,17,4,3,1264,0,170,71,1274,1,0,179,5,1227,3239,0,1,1
9,8,7,7,1059,6,143,101,1089,22,7,245,14,1203,2799,0,2,7
5,46,5,2,668,49,125,330,780,95,51,807,343,871,2010,0,1,1
8,74,4,10,811,11,131,230,874,12,11,600,230,971,2198,0,15,7
19,17,7,7,592,39,121,376,640,74,42,892,387,716,1703,0,4,1
5,5,5,2,520,28,106,378,545,69,30,898,394,594,1422,0,2,7
8,12,3,3,425,0,94,338,480,29,16,864,354,524,1257,0,2,1
14,33,6,2,238,0,65,314,308,29,9,807,314,329,814,0,9,1
8,31,3,15,759,17,126,260,844,22,19,673,265,940,2138,0,15,7
9,10,4,3,434,26,95,350,483,32,31,881,365,530,1270,0,1,1
5,30,6,7,141,27,47,330,174,30,28,921,349,174,439,0,14,7
60,23,5,5,412,0,93,341,474,30,18,872,360,516,1239,0,4,1
61,10,4,3,1038,9,138,106,1057,26,10,279,26,1187,2739,0,0,1
10,4,6,3,616,0,122,358,672,32,10,843,368,750,1775,0,0,14
7,9,4,3,660,32,124,336,763,70,35,818,349,852,1975,0,1,1
9,14,5,6,91,0,44,336,152,62,35,908,370,142,353,0,4,1
19,1,4,1,781,25,128,245,853,51,26,636,249,949,2152,0,0,1
25,25,5,6,645,0,123,348,725,19,12,822,355,809,1892,0,9,7
24,3,5,3,457,37,100,359,504,61,42,893,380,551,1324,0,0,1
67,100,6,1,1302,0,172,83,1309,3,0,183,8,1233,3327,0,1,1000
159,23,5,2,1667,0,220,80,1683,1,0,121,23,1347,4031,0,2,1
25,6,6,4,612,0,122,360,663,29,11,855,369,741,1758,0,2,90
30,11,3,1,211,0,63,330,274,40,38,877,344,282,698,0,1,1
99,7,4,2,539,34,109,374,557,61,39,889,381,607,1460,0,0,1
9,14,4,8,932,0,131,159,962,34,16,475,126,1073,2417,0,1,7
8,9,7,9,1025,0,138,116,1054,18,6,289,36,1180,2727,0,12,90
26,0,1,0,686,0,125,319,800,5,4,790,330,895,2064,0,0,1
14,45,5,7,815,0,131,226,875,26,4,594,227,976,2203,0,3,14
8,41,4,2,852,10,131,202,906,15,12,578,193,1008,2274,0,1,1
4,4,4,2,857,23,131,199,908,57,25,573,187,1008,2280,0,0,1
20,41,4,1,100,0,45,340,159,3,0,927,372,151,378,0,1,1
67,10,4,5,401,0,90,316,462,34,33,810,330,509,1215,0,2,1
4,0,2,0,1137,0,153,122,1147,1,0,263,10,1213,2964,0,0,365
20,23,5,10,368,1,81,272,399,3,1,749,294,440,1064,0,8,1
12,51,6,25,628,6,123,357,687,24,9,835,364,768,1809,0,15,7
10,3,3,3,182,4,53,335,219,7,4,894,352,230,582,0,2,14
5,6,5,3,122,9,45,333,164,21,11,915,354,163,407,0,3,1
6,11,7,31,998,0,136,131,1024,2,1,331,58,1151,2637,0,8,30
5,4,4,2,1024,0,138,117,1053,1,0,297,37,1179,2724,0,0,1
28,10,4,1,537,0,109,376,557,30,29,891,382,607,1458,0,1,1
9,6,3,1,612,0,122,360,664,69,42,857,370,742,1760,0,0,1
6,18,10,9,7,30,27,371,72,30,31,953,394,61,188,0,9,1
11,9,5,4,463,30,100,360,508,67,32,885,377,558,1335,0,5,1
6,4,5,3,337,22,79,276,385,26,25,752,296,414,1015,0,1,1
10,9,4,4,245,43,65,309,311,81,51,802,314,333,823,0,3,1
50,22,7,15,989,0,134,135,1012,1,0,353,66,1142,2614,0,6,90
10,4,5,4,178,30,53,336,219,33,31,898,353,226,570,0,4,7
33,26,5,3,40,22,39,351,125,30,24,938,382,112,279,0,4,7
41,12,8,9,429,0,95,348,482,7,1,876,363,528,1264,0,13,90
39,5,4,1,873,0,131,186,923,7,3,553,176,1019,2305,0,1,1
26,4,5,2,553,0,115,399,602,1,0,926,409,666,1582,0,1,1
22,18,4,4,304,36,77,290,368,64,44,761,304,387,964,0,2,7
6,1,3,1,393,0,89,309,455,43,24,783,319,502,1197,0,0,1
6,1,5,2,157,0,50,326,191,56,30,901,348,191,496,0,1,1
7,2,5,3,332,25,78,277,381,28,28,748,294,406,1003,0,2,1
37,17,6,8,967,0,134,146,986,1,0,404,88,1111,2519,0,6,30
11,8,3,3,750,0,126,269,841,28,12,680,273,937,2133,0,2,7
17,5,3,1,1543,0,206,98,1556,2,0,163,13,1296,3838,0,0,1000
23,4,4,1,621,0,122,358,678,29,10,841,366,754,1786,0,0,1
61,14,5,6,152,3,48,330,187,7,4,909,351,189,481,0,2,30
9,4,4,1,382,0,84,281,429,37,34,750,302,470,1125,0,0,7
7,46,6,11,239,0,65,313,308,40,21,805,313,329,814,0,9,1
53,1,2,1,812,0,131,229,874,1,0,599,229,971,2198,0,0,1
20,2,5,2,32,6,38,356,119,14,8,942,388,102,263,0,3,1
6,6,4,2,350,35,81,278,390,61,43,769,302,426,1040,0,1,1
11,25,5,22,971,14,134,147,996,46,18,393,84,1122,2562,0,8,14
8,5,5,2,534,0,108,374,553,1,0,897,386,602,1444,0,0,1
25,50,9,3,1927,0,243,124,1963,1,0,147,51,1507,4462,0,1,1000
19,44,6,10,183,4,55,338,222,6,4,900,358,240,599,0,12,90
16,11,4,1,626,0,122,356,686,23,22,832,363,765,1804,0,1,7
10,8,4,3,1033,1,138,111,1057,6,0,286,29,1183,2731,0,0,1
28,1,4,1,831,0,131,213,886,9,8,585,211,989,2229,0,1,1
7,21,4,3,181,0,53,333,219,57,28,896,352,229,578,0,0,1
6,4,2,1,1160,1,161,118,1188,2,0,261,7,1217,3026,0,0,7
6,2,3,1,753,0,126,266,841,45,26,680,271,938,2134,0,0,1
15,5,4,1,816,3,131,225,877,13,7,591,226,978,2207,0,0,1
10,11,2,3,605,0,122,366,649,3,0,864,376,728,1732,0,0,90
12,2,4,1,781,25,128,245,853,49,26,634,249,949,2152,0,0,1
35,1,4,1,31,44,38,357,119,93,52,943,389,100,258,0,0,1
14,7,2,1,1124,0,151,110,1136,1,1,258,9,1209,2919,0,0,90
86,3,3,3,455,39,100,357,504,62,44,888,377,548,1313,0,0,7
9,10,5,3,860,8,131,197,913,8,7,560,184,1011,2290,0,2,1
8,38,4,8,204,51,60,336,254,93,61,884,351,268,661,0,15,14
7,9,4,5,397,34,89,315,458,70,37,801,328,505,1209,0,5,7
101,19,5,26,985,0,134,138,1006,2,1,369,69,1136,2602,0,4,30
37,12,5,6,454,0,98,354,501,1,0,889,369,540,1294,0,2,1
1,3,2,1,480,0,102,367,523,1,0,883,382,574,1367,0,0,14
11,7,4,1,420,0,94,339,478,26,6,870,356,521,1253,0,0,1
10,0,3,0,1644,5,217,84,1654,17,1,129,26,1332,3986,0,0,1
2,11,5,2,1628,0,216,57,1635,1,0,114,19,1321,3945,0,1,1000
6,2,3,2,169,48,52,335,211,90,56,902,353,211,536,0,0,1
12,17,7,3,859,7,131,197,912,20,6,565,184,1009,2282,0,3,7
41,6,4,1,1302,0,172,83,1309,2,0,182,8,1233,3327,0,0,1
10,7,5,5,927,2,131,164,960,7,1,484,130,1069,2409,0,0,7
7,15,3,2,559,0,116,399,607,76,48,930,412,675,1603,0,0,7
23,16,5,6,449,0,98,352,499,17,13,885,370,537,1290,0,3,1
21,13,4,4,125,0,45,330,164,14,10,917,352,163,409,0,4,7
6,7,7,8,141,3,47,325,174,10,4,925,347,169,434,0,4,7
13,17,6,6,963,0,134,150,985,2,0,412,92,1106,2511,0,5,180
18,5,4,1,71,0,43,338,141,2,0,903,371,128,314,0,0,1
7,4,4,2,61,18,43,343,141,26,19,915,376,116,297,0,1,1
7,5,7,5,734,0,126,282,839,9,9,712,290,929,2120,0,4,180
8,2,5,4,923,21,131,166,958,60,25,497,134,1068,2404,0,0,1
5,0,1,0,962,0,134,149,982,2,1,418,94,1105,2510,0,0,1
13,27,3,3,276,1,72,289,337,6,3,793,303,355,882,0,2,14
6,1,4,1,749,34,126,269,841,67,35,682,274,937,2133,0,0,1
7,26,3,4,906,15,131,170,951,50,14,507,149,1053,2366,0,2,7
64,12,3,3,387,34,84,299,442,70,38,777,316,485,1165,0,1,7
8,26,4,7,183,29,55,336,222,32,30,898,356,238,596,0,6,7
17,12,6,2,703,49,125,306,812,90,50,766,320,909,2086,0,1,1
6,0,3,0,490,23,103,368,535,29,27,888,384,582,1392,0,0,1
35,5,4,2,874,0,131,185,924,15,6,552,175,1019,2305,0,1,7
93,5,7,6,1009,0,138,127,1041,4,1,310,51,1174,2684,0,2,180
79,51,6,15,1041,4,138,105,1059,7,0,275,23,1190,2746,0,8,90
11,2,4,1,877,0,131,184,925,6,3,543,173,1022,2310,0,0,1
10,1,4,1,97,0,44,332,153,2,0,902,363,143,355,0,1,1
7,0,2,0,1147,0,157,119,1169,1,0,271,9,1217,2996,0,0,90
38,30,3,8,857,0,131,199,908,5,4,572,187,1008,2280,0,6,365
10,1,3,1,219,0,64,325,287,45,24,843,335,307,747,0,0,1
7,4,6,5,967,0,134,147,987,24,10,400,88,1111,2520,0,2,14
5,27,6,5,119,12,45,324,161,16,15,915,350,160,397,0,8,7
7,5,3,2,501,0,104,365,540,67,41,895,382,588,1404,0,1,7
15,2,4,1,781,25,128,245,853,50,26,635,249,949,2152,0,0,1
62,7,4,2,949,16,131,143,968,51,20,442,109,1084,2447,0,0,1
5,2,4,1,514,0,106,381,543,4,0,910,397,592,1419,0,1,7
39,91,4,11,987,11,134,137,1011,41,7,359,67,1141,2611,0,2,7
25,5,2,2,165,49,52,339,209,91,57,900,354,209,531,0,1,7
10,1,4,1,567,0,117,392,616,30,11,898,402,692,1647,0,0,1
6,8,4,2,645,22,123,346,720,25,24,824,355,804,1885,0,1,1
36,5,3,2,351,4,81,279,391,15,8,757,302,429,1051,0,0,14
22,27,3,9,99,1,44,332,154,5,3,905,364,145,362,0,13,1
3,12,1,1,1068,4,143,101,1090,17,5,239,12,1203,2801,0,0,1
27,61,2,1,616,0,122,357,670,20,15,841,366,750,1775,0,2,7
54,23,7,9,1057,0,143,103,1087,9,3,246,17,1202,2792,0,3,30
36,8,7,5,649,34,123,346,748,71,37,811,354,834,1940,0,3,7
11,67,7,7,874,0,131,185,925,2,1,550,175,1019,2305,0,9,1
6,1,5,2,122,31,45,332,163,78,37,915,353,163,406,0,0,1
7,7,4,2,964,2,134,149,985,4,1,410,91,1109,2514,0,0,7
7,49,5,6,600,25,121,368,645,28,28,878,381,718,1708,0,3,7
13,45,2,10,228,0,64,318,302,3,1,813,325,323,794,0,6,90
48,3,5,3,984,0,134,138,1005,21,8,365,70,1133,2592,0,0,1
15,17,2,4,122,0,45,333,164,15,10,915,354,163,407,0,2,7
7,11,4,5,594,38,121,374,640,71,41,888,385,716,1703,0,0,1
223,32,6,5,594,0,121,374,641,12,9,888,385,717,1706,0,4,7
9,1,6,1,699,27,125,307,810,62,29,776,323,902,2077,0,0,1
7,55,8,17,42,22,39,351,128,29,24,928,381,112,281,0,14,7
25,5,6,3,9,50,29,371,78,100,59,948,393,64,194,0,2,1
11,11,7,19,982,1,134,140,1005,4,0,364,71,1132,2591,0,4,30
16,2,4,1,777,0,127,247,849,11,8,640,248,943,2145,0,0,7
87,5,5,2,616,3,122,358,673,13,6,841,368,750,1775,0,0,1
35,44,3,3,388,0,84,298,442,1,0,775,316,487,1170,0,2,7
8,21,3,1,288,0,76,288,351,11,8,776,301,366,915,0,3,7
12,22,4,1,962,3,134,150,982,5,2,418,95,1105,2510,0,0,1
80,39,5,9,378,0,83,272,414,3,2,746,297,453,1089,0,10,30
2,0,2,0,1210,0,167,92,1220,1,0,230,7,1222,3116,0,0,1
6,25,5,6,226,0,64,319,297,42,23,818,327,319,775,0,4,1
25,4,3,2,292,31,76,285,351,72,37,768,297,367,920,0,1,1
7,6,4,2,959,12,132,146,977,6,4,417,97,1097,2487,0,0,7
6,9,5,3,32,0,38,358,119,11,9,939,387,104,268,0,4,7
214,29,5,13,932,0,131,159,963,4,0,473,126,1073,2419,0,8,30
19,4,4,1,562,2,116,396,609,4,3,922,408,677,1607,0,0,1
64,48,4,6,1035,0,138,109,1057,3,0,281,28,1184,2734,0,0,1
7,21,7,9,16,29,33,369,99,29,30,945,397,84,229,0,8,1
9,88,5,12,89,2,44,337,152,6,5,909,370,141,352,0,11,7
8,11,7,6,311,0,78,293,378,10,6,762,304,395,980,0,7,7
9,73,6,2,271,3,72,291,335,12,4,800,303,348,871,0,3,1
13,17,4,4,107,0,45,334,160,7,2,915,361,154,389,0,2,7
31,7,5,4,952,15,131,140,968,50,19,439,106,1086,2452,0,0,7
6,16,5,35,1003,12,137,128,1033,37,14,313,56,1162,2659,0,13,30
42,15,6,7,455,0,98,355,501,1,0,885,371,546,1306,0,3,1
17,15,7,21,717,0,126,295,823,19,7,736,305,918,2102,0,14,30
42,38,5,6,100,0,45,340,159,14,8,926,371,152,384,0,7,7
31,1,4,1,352,0,81,279,392,2,0,755,303,429,1051,0,0,7
24,11,4,6,1012,11,138,124,1043,32,12,308,47,1174,2693,0,2,1
28,6,4,1,38,0,39,353,124,18,17,941,383,110,277,0,3,1
49,7,4,2,56,0,43,348,141,16,14,917,381,115,296,0,1,1
14,37,8,5,174,7,52,340,215,20,7,905,358,225,568,0,7,7
14,12,4,1,409,0,91,320,466,31,28,821,335,513,1226,0,0,1
9,15,4,5,40,0,39,351,125,17,16,938,381,110,277,0,2,1
5,36,6,9,562,0,117,396,612,6,5,916,408,678,1614,0,12,90
54,44,4,2,859,23,131,198,913,54,24,561,185,1011,2289,0,1,1
7,6,4,2,1032,0,138,112,1057,16,5,287,30,1183,2731,0,0,7
58,23,5,2,151,8,48,329,183,20,8,908,347,183,469,0,2,1
5,36,6,9,387,0,84,299,442,1,0,778,316,485,1164,0,8,7
6,12,4,1,601,0,121,367,645,1,0,875,380,720,1711,0,0,1
59,7,5,3,1054,0,141,104,1077,12,3,247,20,1201,2779,0,0,14
18,13,7,3,800,0,130,241,866,9,6,615,240,965,2183,0,9,30
7,14,5,4,952,13,131,140,969,7,5,430,105,1086,2456,0,2,7
6,11,8,9,359,0,81,273,397,39,22,749,297,437,1061,0,7,7
58,5,4,1,320,2,78,287,380,3,2,760,304,405,999,0,2,1
20,31,3,5,139,2,46,322,169,8,3,923,346,167,425,0,4,1
40,34,2,2,612,0,122,360,664,2,0,853,370,743,1761,0,1,30
17,17,6,4,714,0,126,295,817,22,0,746,307,918,2101,0,1,1
26,0,1,0,686,0,125,319,800,6,5,790,330,895,2064,0,0,1
5,32,6,8,537,47,109,376,556,88,49,892,382,606,1457,0,7,7
10,1,5,1,748,35,126,270,841,69,36,685,275,937,2133,0,0,1
9,30,5,1,119,9,45,331,162,15,9,917,356,163,404,0,3,1
33,17,3,4,679,30,125,324,794,64,32,797,335,885,2043,0,1,1
46,22,5,3,650,0,123,345,753,2,0,824,358,845,1960,0,1,1
23,4,4,2,1011,0,138,125,1043,11,3,306,49,1174,2692,0,0,1
30,1,7,1,103,6,45,338,160,13,7,921,368,153,386,0,4,1
9,40,8,6,789,13,128,242,858,18,15,619,241,955,2163,0,4,7
38,15,3,5,213,48,64,329,281,87,58,863,341,300,730,0,3,1
140,11,1,1,734,9,126,282,839,20,9,711,290,929,2120,0,0,7
31,45,4,13,514,2,106,381,543,6,3,909,397,592,1419,0,15,14
24,12,3,3,702,3,125,306,811,10,5,768,320,907,2084,0,2,14
7,46,8,12,958,3,131,140,971,6,1,416,97,1090,2465,0,6,7
84,1,4,1,129,44,45,326,165,87,54,917,351,164,411,0,0,1
21,63,6,14,892,8,131,179,930,9,7,527,164,1033,2327,0,12,30
16,7,6,5,77,23,43,336,146,24,23,898,367,133,330,0,4,1
67,50,7,8,646,0,123,347,729,2,0,816,356,813,1899,0,8,7
5,34,6,8,649,1,123,346,748,7,3,811,354,835,1942,0,4,90
7,18,6,5,645,0,123,348,726,63,40,821,355,810,1893,0,4,1
6,37,3,18,769,12,126,255,847,15,14,651,254,941,2140,0,15,14
8,19,7,8,875,7,131,184,925,7,6,548,174,1020,2307,0,8,7
9,2,4,2,292,0,76,286,351,2,2,764,300,370,928,0,0,7
22,4,5,2,678,31,125,325,791,65,34,799,336,883,2036,0,2,1
7,4,4,2,1041,8,138,103,1059,23,9,273,23,1189,2743,0,0,1
15,1,5,2,501,3,104,369,540,7,6,896,383,588,1404,0,0,14
27,5,3,1,810,27,131,231,873,68,30,604,231,969,2195,0,0,1
16,1,6,2,730,42,126,286,838,81,43,718,295,929,2120,0,0,1
28,6,4,2,340,35,80,276,387,61,43,764,300,417,1023,0,2,1
10,10,5,1,183,7,55,339,227,13,12,895,358,245,609,0,4,7
18,46,6,11,1551,0,207,93,1566,1,0,155,10,1304,3853,0,0,1000
6,15,5,4,222,28,64,323,296,29,29,825,331,319,773,0,4,7
8,16,5,2,613,4,122,359,667,14,8,846,369,745,1764,0,0,1
17,5,4,1,421,0,94,338,478,28,26,867,355,521,1253,0,1,1
9,1,5,1,748,35,126,270,841,68,36,684,275,937,2133,0,0,1
68,13,6,13,219,0,64,325,287,1,0,839,335,307,747,0,8,30
6,11,3,2,226,33,64,319,297,70,39,816,327,319,778,0,0,1
4,4,5,3,431,27,95,347,483,32,32,876,363,529,1266,0,3,1
9,21,6,7,952,13,131,140,968,8,5,435,106,1086,2452,0,5,14
5,15,4,5,716,0,126,293,817,54,35,743,305,918,2101,0,6,14
155,27,3,3,589,0,121,378,632,5,3,897,390,710,1692,0,2,30
3,1,5,2,334,0,79,278,383,2,0,747,293,411,1010,0,0,1
25,40,4,15,483,0,103,366,530,2,0,883,382,576,1377,0,14,180
118,10,4,3,800,0,130,238,865,14,12,617,238,965,2182,0,1,7
16,14,6,4,504,28,106,373,542,64,30,885,391,591,1411,0,3,7
7,5,6,3,36,26,38,354,122,26,26,939,384,106,271,0,5,1
54,12,3,1,1061,6,143,105,1089,20,7,245,15,1203,2799,0,0,7
5,6,4,1,600,0,121,368,645,25,24,879,381,718,1708,0,1,1
51,12,4,36,967,0,134,146,986,1,0,405,88,1111,2519,0,0,90
21,5,4,1,916,3,131,168,958,3,2,498,140,1061,2389,0,2,1
44,10,6,8,993,1,135,135,1016,3,1,353,62,1145,2620,0,3,1
19,35,8,16,832,0,131,212,886,2,0,583,209,989,2229,0,11,30
42,35,5,2,423,0,94,339,480,30,17,871,356,522,1254,0,2,1
7,2,4,1,832,0,131,212,886,8,7,584,209,989,2229,0,1,1
11,15,4,3,372,0,83,273,407,40,36,737,292,445,1074,0,1,1
9,10,6,4,65,24,43,344,141,25,24,913,379,126,311,0,4,7
54,41,4,10,189,0,56,341,238,1,0,891,355,254,625,0,12,7
5,1,3,1,204,3,60,336,255,5,3,880,351,272,668,0,0,7
15,5,4,1,1541,0,206,99,1556,4,0,170,14,1295,3837,0,0,1000
3,38,6,34,974,0,134,145,1000,4,1,377,79,1127,2577,0,15,90
8,1,4,1,478,31,102,367,521,66,33,885,383,573,1365,0,0,1
49,42,7,12,24,2,37,363,111,4,2,942,394,97,250,0,10,1
31,20,7,11,162,0,52,337,205,11,7,889,348,204,523,0,10,7
47,24,4,14,562,0,117,396,612,1,0,920,408,678,1613,0,10,180
47,7,4,2,746,0,126,272,840,47,30,691,276,935,2127,0,0,1
8,0,1,0,810,0,131,231,873,1,0,603,231,969,2195,0,0,90
11,5,5,1,711,24,126,298,816,57,26,752,311,915,2097,0,0,1
6,5,5,4,78,13,43,338,146,19,17,893,365,135,334,0,1,1
17,87,5,6,759,32,126,260,845,62,33,670,265,940,2138,0,2,1
45,100,12,1,1861,0,238,133,1880,1,0,149,66,1453,4367,0,0,1000
7,3,2,1,1087,0,144,94,1093,6,0,226,5,1204,2813,0,0,1
7,0,1,0,387,0,84,283,436,41,23,753,301,480,1142,0,0,1
15,14,4,4,242,44,65,311,311,83,52,802,316,331,820,0,3,7
15,32,3,4,115,0,45,327,161,15,12,917,354,160,397,0,15,1
25,4,3,1,219,0,64,325,288,38,37,837,335,307,750,0,2,14
24,34,6,4,626,36,122,356,686,74,39,829,362,765,1805,0,2,1
31,44,6,17,841,0,131,210,895,6,4,567,201,997,2252,0,13,7
10,5,5,1,711,24,126,298,816,56,26,751,311,915,2097,0,0,1
12,14,4,3,771,13,126,253,847,19,15,648,252,941,2140,0,2,1
67,1,4,1,397,0,89,319,461,35,34,806,333,507,1213,0,0,1
5,5,3,1,325,4,78,282,380,14,8,752,299,406,1002,0,0,1
6,13,6,4,666,22,125,332,778,25,25,807,346,868,2007,0,9,90
23,15,7,4,708,9,126,301,815,26,9,756,314,914,2094,0,5,30
118,16,3,2,311,37,78,293,378,63,45,765,306,395,980,0,2,1
14,5,6,3,350,1,81,278,390,3,2,768,302,426,1041,0,1,7
58,22,8,10,501,40,104,372,540,84,43,890,384,588,1405,0,10,14
6,22,5,10,788,0,128,238,857,38,22,621,240,955,2163,0,9,1
4,6,11,1,1831,0,237,102,1837,1,0,142,51,1425,4303,0,0,1000
23,3,5,3,239,0,65,313,308,28,8,806,313,329,814,0,2,1
5,7,4,2,325,26,78,282,380,29,29,754,299,405,1001,0,2,1
24,39,3,1,898,0,131,176,939,2,1,520,159,1044,2351,0,2,1
7,17,4,6,977,0,134,142,1003,23,9,374,78,1128,2581,0,2,7
27,32,6,10,351,32,81,279,391,74,37,756,303,429,1051,0,4,14
4,11,4,2,326,1,78,281,380,2,1,751,299,406,1002,0,1,1
8,5,5,1,747,35,126,271,841,73,36,690,275,935,2127,0,0,1
9,8,6,8,985,4,134,138,1009,4,1,368,69,1138,2605,0,0,7
6,8,5,4,1071,0,143,99,1091,3,0,231,9,1203,2802,0,1,1
5,162,5,3,186,0,55,343,231,55,29,893,356,249,617,0,2,14
6,3,4,2,842,25,131,210,897,62,27,581,201,999,2255,0,0,1
113,0,1,0,764,2,126,256,846,6,3,657,260,940,2139,0,0,7
7,6,4,2,1031,2,138,113,1056,7,1,285,30,1183,2731,0,0,1
6,2,4,1,828,0,131,216,884,10,9,586,213,987,2227,0,1,1
4,16,4,2,795,4,129,240,861,15,8,619,240,961,2176,0,0,1
59,6,4,1,839,0,131,209,892,7,6,579,204,995,2247,0,1,1
4,31,4,4,823,26,131,220,882,67,28,591,218,985,2223,0,0,1
22,7,4,2,555,21,115,398,605,65,23,930,412,668,1588,0,7,1
96,100,8,1,1770,0,231,59,1780,1,0,108,17,1393,4192,0,0,1000
8,12,4,3,261,2,68,298,320,3,2,799,308,339,845,0,3,14
21,4,4,1,501,0,104,368,540,27,26,897,383,588,1404,0,1,1
11,9,7,6,986,11,134,137,1009,4,1,365,68,1139,2606,0,2,90
10,7,5,7,958,0,131,140,971,6,1,419,97,1089,2462,0,1,7
21,13,5,7,522,38,106,379,545,61,44,898,394,594,1422,0,6,7
18,13,8,2,677,0,125,325,790,15,11,803,337,883,2035,0,2,90
27,44,7,10,702,0,125,306,811,21,7,770,320,905,2082,0,5,7
4,17,4,1,150,7,48,330,183,10,7,909,348,183,468,0,1,1
17,5,5,2,800,0,130,238,865,27,4,616,238,965,2182,0,0,1
6,38,6,2,89,9,44,337,152,22,9,910,370,141,352,0,2,1
57,4,4,2,913,23,131,166,953,63,27,497,143,1060,2385,0,1,14
37,7,6,5,204,0,60,336,254,11,6,880,351,270,663,0,5,1
6,11,5,7,184,30,55,344,230,30,31,895,358,249,617,0,4,7
149,16,4,6,197,0,58,343,248,1,0,894,356,262,651,0,3,7
2,12,6,3,698,0,125,308,808,5,3,780,324,901,2076,0,0,1
6,8,5,9,258,32,68,301,320,75,38,800,311,338,844,0,9,7
16,19,6,7,987,4,134,136,1009,3,1,362,67,1140,2610,0,2,7
8,6,4,1,485,39,103,372,533,66,45,887,386,576,1380,0,0,1
17,5,5,2,51,10,43,348,140,22,10,923,383,115,293,0,2,1
5,5,9,5,160,34,52,338,204,77,40,897,351,201,518,0,6,7
7,5,5,3,308,8,77,292,373,15,9,764,305,392,973,0,2,7
8,5,5,3,78,23,43,338,146,23,23,892,367,135,334,0,1,7
1,13,6,10,1286,0,170,69,1302,1,0,162,7,1230,3301,0,0,365
6,12,2,5,584,1,120,383,631,2,1,898,393,708,1686,0,2,7
47,1,4,3,203,35,60,337,254,77,41,886,352,267,660,0,1,1
7,8,5,4,626,11,122,356,686,14,14,837,365,765,1806,0,2,90
7,12,5,6,241,0,65,312,311,39,21,798,311,330,818,0,5,7
10,1,4,1,817,23,131,224,877,42,24,591,225,980,2210,0,0,1
5,24,5,4,381,0,84,282,427,38,34,751,302,470,1122,0,1,7
9,1,4,2,925,0,131,164,959,3,0,490,132,1068,2405,0,0,7
4,3,5,2,9,0,30,371,80,1,0,950,396,67,200,0,2,1
20,1,4,1,403,0,90,314,462,34,32,810,329,509,1215,0,0,1
15,77,5,2,840,22,131,211,894,42,23,573,202,996,2250,0,2,7
36,0,1,0,221,0,64,324,292,1,0,830,330,313,760,0,0,1
93,13,7,5,777,0,127,247,849,12,8,639,247,943,2143,0,6,365
5,2,5,3,159,0,51,339,197,5,3,901,352,196,507,0,1,14
22,8,4,2,1024,0,138,117,1053,5,1,293,37,1180,2727,0,0,7
45,30,5,12,101,0,45,340,159,13,8,925,370,153,385,0,10,7
18,3,5,2,604,15,121,364,646,45,16,870,378,722,1719,0,0,1
17,4,4,3,483,39,103,367,530,65,45,883,383,576,1378,0,0,1
14,5,5,1,649,34,123,346,748,72,37,811,354,834,1940,0,0,1
11,14,2,4,279,37,72,286,338,68,44,789,300,355,882,0,1,1
9,10,5,5,936,11,131,155,963,46,9,458,122,1075,2426,0,2,14
34,2,5,1,798,0,129,238,863,21,11,620,238,962,2178,0,1,1
5,1,5,2,641,12,123,348,717,34,13,826,358,802,1877,0,0,1
18,10,2,2,191,1,57,343,242,3,1,882,353,260,643,0,1,1
38,26,4,4,501,39,104,372,540,67,46,892,384,588,1405,0,3,7
17,40,5,5,925,3,131,165,960,2,1,486,132,1069,2409,0,5,7
13,17,2,3,68,0,43,341,141,1,0,907,374,127,312,0,0,1
6,30,5,5,142,0,48,329,180,1,0,917,348,178,448,0,3,7
32,18,5,3,141,47,47,325,174,89,57,928,348,169,434,0,6,14
73,16,5,2,505,38,106,372,542,62,44,882,389,591,1411,0,2,1
7,22,5,11,947,8,131,145,968,6,5,443,111,1084,2446,0,8,1
21,16,8,17,942,0,131,150,967,5,1,449,116,1080,2439,0,15,90
6,46,5,9,387,0,84,283,436,42,24,754,302,480,1142,0,9,14
26,17,4,6,276,1,72,289,338,4,3,791,303,355,882,0,5,7
9,62,4,50,1026,3,138,116,1056,1,0,287,35,1183,2731,0,15,90
5,6,4,2,553,22,115,399,602,70,24,931,408,666,1578,0,0,1
129,0,1,0,1071,4,143,100,1091,13,2,228,7,1203,2802,0,0,1
7,16,3,6,398,8,89,318,461,10,9,807,332,508,1214,0,3,30
6,19,7,17,998,0,136,131,1024,10,0,327,58,1157,2646,0,5,7
22,39,5,20,663,0,125,333,769,17,11,809,346,856,1984,0,15,14
6,4,5,4,378,33,83,272,414,69,38,745,297,453,1089,0,3,30
11,0,1,0,888,0,131,183,930,12,4,529,165,1030,2322,0,0,1
15,2,4,2,584,0,120,383,631,27,26,898,393,708,1686,0,1,1
43,58,4,7,372,1,83,273,407,5,1,740,292,443,1071,0,5,30
28,3,4,1,380,0,84,274,421,39,35,741,297,462,1101,0,1,7
9,6,4,2,997,13,136,132,1024,40,15,332,59,1151,2637,0,0,1
19,45,6,3,351,1,81,280,392,3,2,756,304,429,1051,0,4,7
11,7,5,3,693,20,125,313,808,22,22,784,328,901,2076,0,2,1
46,8,3,1,1002,0,136,127,1026,1,0,319,56,1158,2650,0,0,1
88,28,4,14,1006,1,138,130,1041,2,0,313,54,1174,2682,0,9,14
82,8,6,6,292,37,76,286,351,69,44,768,298,369,927,0,7,7
9,15,6,2,719,47,126,294,826,86,48,736,306,920,2107,0,2,30
8,2,4,3,574,26,117,386,622,30,29,893,396,696,1663,0,1,1
5,23,2,5,380,0,84,274,421,2,1,742,297,462,1101,0,3,90
10,11,5,2,600,0,121,368,645,71,44,877,381,718,1709,0,0,1
14,13,4,2,680,49,125,324,795,94,50,795,334,885,2043,0,1,1
7,48,5,7,168,32,52,336,211,75,38,901,352,209,533,0,8,7
14,8,3,2,916,7,131,168,958,8,6,498,140,1061,2389,0,1,7
7,32,2,8,601,17,121,367,645,46,18,873,380,720,1712,0,3,7
3,31,2,1,504,6,106,373,542,18,10,883,390,591,1411,0,1,1
64,25,4,7,892,0,131,179,930,6,3,525,164,1033,2327,0,0,14
86,33,4,2,626,0,122,356,686,10,8,834,363,765,1806,0,3,14
23,65,4,3,1016,4,138,121,1044,24,0,304,43,1174,2694,0,1,1
12,51,3,5,344,0,80,283,388,25,5,777,307,423,1034,0,2,7
17,20,5,9,455,0,98,353,501,4,2,883,369,544,1301,0,8,7
10,1,3,1,273,38,72,290,337,72,45,799,303,354,879,0,0,1
20,3,5,2,450,38,98,351,499,65,43,884,367,537,1291,0,0,1
10,20,3,13,358,0,81,273,395,1,0,754,297,434,1057,0,13,30
6,36,4,4,1034,0,138,110,1057,3,0,283,29,1184,2733,0,2,1
24,10,4,5,995,8,135,133,1018,30,4,345,62,1147,2629,0,0,7
11,1,4,2,366,0,81,273,398,23,4,748,293,439,1063,0,1,1
7,1,4,1,668,0,125,330,780,61,38,806,343,871,2010,0,0,1
35,14,7,4,276,3,72,287,337,10,7,792,303,355,882,0,5,7
25,11,1,1,833,0,131,212,887,1,0,579,208,989,2232,0,0,1
13,24,2,4,662,12,124,334,767,32,13,812,347,856,1984,0,0,90
2,0,1,0,554,2,115,398,605,5,4,933,412,668,1587,0,0,1
58,19,3,2,913,12,131,164,953,48,11,497,143,1060,2384,0,1,1
30,18,4,2,469,0,100,372,514,4,0,903,389,561,1342,0,0,1
6,11,3,1,1144,1,156,120,1159,1,0,274,10,1216,2979,0,0,90
236,67,6,5,2069,0,248,113,2107,31,4,171,66,1602,4629,0,3,14
7,4,3,1,2118,0,248,70,2129,6,1,157,36,1621,4662,0,1,1
37,6,6,2,1491,0,206,127,1510,1,0,210,17,1272,3731,1,3,90
52,6,2,3,1641,0,217,74,1644,17,7,122,24,1325,3969,0,1,14
98,41,8,6,2120,0,249,69,2135,1,0,152,37,1624,4669,1,5,365
16,108,6,6,1918,0,239,126,1929,29,15,147,51,1487,4427,2,3,365
13,43,4,6,2218,0,249,62,2227,4,0,86,0,1698,4870,0,0,1000
175,31,6,4,1769,1,229,54,1778,5,0,101,13,1391,4185,0,3,7
25,7,4,10,1490,0,206,111,1501,14,4,197,16,1270,3720,0,2,14
266,19,8,22,1558,0,207,89,1571,2,0,127,9,1306,3866,1,4,90
21,8,3,1,2357,0,251,39,2361,1,0,75,17,1722,5038,0,1,1000
93,14,7,13,1550,0,207,94,1566,6,1,158,10,1304,3852,0,4,90
85,4,6,2,1890,0,238,130,1913,5,0,137,54,1474,4404,2,3,7
84,17,5,5,2009,0,248,120,2030,9,5,160,68,1542,4533,0,2,30
133,30,10,3,2015,0,248,120,2032,13,19,166,70,1544,4538,1,5,1000
22,14,4,2,1683,3,220,69,1694,3,0,124,24,1353,4055,0,2,180
225,4,6,2,1970,0,245,99,1994,2,1,128,43,1525,4489,0,3,1
24,19,15,18,1543,0,206,98,1556,1,0,162,13,1296,3838,1,8,365
112,59,7,16,1787,1,231,74,1797,4,0,128,23,1399,4228,0,4,90
423,13,5,7,1522,0,206,115,1546,12,3,191,15,1289,3802,0,3,90
50,132,8,20,2187,0,249,30,2197,3,0,62,2,1685,4804,1,4,90
37,7,2,3,1702,14,225,76,1725,10,7,115,19,1366,4090,0,1,7
124,59,7,2,2119,0,248,69,2132,24,0,157,37,1622,4665,1,3,30
23,6,4,3,1698,0,225,80,1724,11,4,118,22,1363,4084,0,2,1
24,71,5,10,2135,42,249,67,2142,30,14,138,28,1630,4680,1,3,30
75,61,8,10,1920,37,239,124,1931,15,15,149,52,1487,4430,1,4,14
44,8,5,1,2126,0,249,71,2138,9,1,152,33,1628,4675,1,2,30
33,9,4,3,1927,42,243,124,1964,14,17,145,51,1507,4462,0,2,30
36,10,4,4,2119,0,248,69,2133,20,0,153,37,1622,4667,0,2,7
36,5,4,6,1729,0,227,60,1740,16,0,114,13,1376,4118,0,2,90
66,10,6,6,1491,0,206,126,1506,1,0,205,17,1271,3729,2,3,90
53,25,4,4,2060,0,248,114,2081,21,14,162,67,1587,4604,1,2,1
88,5,3,1,1946,0,244,113,1982,34,15,143,44,1520,4477,0,1,180
23,4,4,2,1911,0,238,121,1921,6,5,141,47,1481,4414,1,2,1
61,5,2,1,2170,19,249,39,2182,24,0,100,3,1674,4764,1,1,30
72,58,4,8,1868,0,238,127,1889,27,14,145,62,1457,4376,1,2,7
138,82,6,4,1973,41,245,97,1994,17,22,125,43,1525,4489,0,3,7
179,9,9,4,1479,0,204,112,1491,16,4,199,17,1266,3710,2,4,180
53,6,3,3,1566,0,208,84,1578,2,0,121,7,1307,3873,0,1,1
42,26,11,5,1650,0,217,79,1657,1,0,128,25,1333,3991,1,6,1000
134,6,6,6,1543,19,206,98,1556,23,0,164,13,1296,3838,0,3,7
92,13,9,5,1578,0,211,80,1599,9,0,123,14,1310,3894,0,4,90
12,30,13,25,2183,0,249,29,2187,1,0,72,2,1676,4778,2,7,1000
13,30,8,8,1993,0,245,110,1995,33,15,133,49,1525,4491,1,4,1
256,40,2,7,2260,0,249,46,2263,17,0,76,0,1703,4921,0,0,1000
69,74,4,5,1842,0,238,140,1861,41,22,169,75,1438,4339,2,2,1
33,39,4,7,1960,0,245,108,1989,1,0,134,43,1523,4485,1,2,14
52,44,4,4,2176,14,249,34,2183,18,0,86,2,1675,4767,1,2,30
20,7,4,1,2169,0,249,40,2179,25,1,104,3,1673,4757,1,2,180
40,14,4,3,1823,20,235,91,1823,18,13,152,50,1418,4272,0,2,14
112,28,4,3,1986,0,245,113,1994,2,0,133,48,1525,4489,0,2,7
152,88,6,6,1819,0,235,94,1823,10,1,149,46,1417,4268,2,3,90
98,23,7,8,1214,0,167,92,1232,1,0,216,6,1222,3131,0,3,1
22,11,5,4,2042,70,248,119,2051,31,39,148,66,1564,4571,0,2,7
24,80,6,15,2156,0,249,52,2169,2,0,129,10,1659,4729,1,3,7
19,39,5,3,2044,0,248,124,2057,38,11,150,70,1569,4579,0,2,7
131,3,4,2,1824,0,237,103,1836,39,22,150,53,1425,4302,1,2,1
103,60,18,28,512,0,106,374,542,1,0,892,391,592,1418,0,9,180
16,19,7,16,1531,0,206,109,1556,10,1,181,14,1294,3819,0,5,90
201,10,5,1,1663,5,220,79,1683,8,0,118,24,1347,4027,0,2,7
17,21,4,4,1904,1,238,128,1920,6,2,142,53,1481,4413,0,2,1000
101,4,4,2,1510,0,206,124,1530,16,4,203,15,1278,3768,0,2,1
59,12,6,5,1963,0,245,106,1993,18,18,129,44,1525,4489,0,3,7
413,3,3,1,2119,45,248,69,2134,32,18,152,37,1622,4667,1,1,30
34,28,4,4,2106,0,248,81,2120,4,4,150,41,1613,4647,0,2,7
96,13,4,3,2158,0,249,50,2170,35,2,125,9,1659,4733,1,2,30
49,53,6,9,2051,67,248,119,2069,36,39,162,66,1578,4592,1,3,7
60,36,6,6,2202,0,249,25,2207,2,0,64,1,1689,4821,1,3,180
38,8,6,4,1502,0,206,129,1522,3,0,209,18,1277,3756,1,3,90
225,26,10,4,1867,0,238,127,1885,1,0,144,63,1455,4373,2,6,365
381,111,4,3,2008,0,248,121,2030,15,19,161,68,1542,4533,1,2,90
111,49,8,11,1946,43,244,114,1983,15,17,142,45,1520,4478,1,4,1000
21,19,3,2,2218,0,249,62,2227,1,0,89,0,1698,4870,1,0,1000
43,5,4,4,2276,0,249,51,2280,1,0,91,0,1709,4941,1,1,1000
277,22,8,5,1938,0,244,120,1981,5,2,145,51,1520,4477,0,5,90
33,31,4,9,1686,0,221,71,1696,12,4,119,22,1354,4064,0,2,7
221,84,6,8,2058,64,248,116,2074,41,37,165,69,1583,4599,1,3,90
51,27,11,11,1597,0,211,74,1626,1,0,133,20,1313,3920,1,6,365
80,72,3,1,2138,39,249,64,2154,29,13,136,26,1631,4688,1,1,90
60,59,6,8,1873,42,238,134,1896,16,13,132,60,1464,4391,0,3,7
26,2,2,1,2132,0,249,70,2142,6,3,142,30,1630,4680,1,1,14
72,12,2,4,1497,0,206,129,1515,15,3,203,17,1276,3744,0,1,14
124,3,3,1,1950,0,244,116,1985,33,16,136,45,1522,4483,1,1,180
35,86,4,5,2135,42,249,67,2142,31,14,138,28,1630,4680,1,2,30
79,45,9,13,2306,0,250,88,2317,8,1,100,2,1719,5009,1,4,365
158,62,6,17,1926,0,242,120,1950,22,20,149,52,1502,4453,2,3,7
30,3,5,1,1658,0,220,83,1675,2,0,125,23,1346,4025,0,2,1
129,6,2,3,2286,0,250,76,2302,18,0,90,1,1712,4961,1,0,1000
33,58,4,5,1683,0,220,67,1687,13,2,125,24,1352,4045,0,2,30
18,3,4,3,2027,57,248,112,2043,29,35,146,62,1556,4556,0,2,1
55,359,6,14,2209,27,249,41,2209,17,0,68,0,1692,4835,1,3,180
17,9,7,5,1491,8,206,127,1510,7,3,209,17,1273,3733,0,4,90
103,23,5,3,2060,0,248,114,2081,7,7,163,68,1586,4603,0,2,30
79,14,3,1,1470,0,204,101,1480,1,0,196,27,1263,3690,0,1,1
16,58,4,6,1892,0,238,130,1914,8,7,137,58,1477,4409,2,2,14
48,8,5,2,2103,0,248,83,2120,1,0,156,43,1613,4645,1,2,7
116,3,4,1,2127,0,249,70,2138,8,1,148,32,1628,4676,1,2,30
79,4,4,4,1724,0,226,62,1728,18,0,117,14,1367,4098,0,2,7
44,7,5,3,2042,70,248,119,2051,32,39,147,64,1564,4570,1,2,14
54,33,5,3,154,3,49,329,190,25,2,904,350,191,488,1,2,14
55,14,4,1,2169,0,249,40,2179,32,1,111,3,1673,4757,1,2,180
39,184,4,5,2138,0,249,64,2154,31,9,137,26,1631,4688,1,2,7
45,16,6,6,1891,0,238,129,1914,8,6,138,54,1476,4406,2,3,1
96,37,6,5,1815,0,235,81,1823,39,19,149,42,1415,4261,1,3,180
401,112,4,2,1872,0,238,134,1893,2,0,137,60,1464,4389,2,2,30
164,171,15,14,2303,0,250,79,2306,20,0,97,1,1717,4991,1,8,365
31,14,6,5,1827,0,237,102,1837,35,20,149,50,1425,4303,1,3,1
38,31,4,2,2056,0,248,116,2070,11,7,163,66,1581,4595,1,2,1
42,39,6,3,156,0,50,327,191,5,0,902,349,191,494,0,3,30
80,48,8,14,2205,0,249,27,2208,20,0,65,0,1690,4825,1,4,90
7,4,6,4,1815,0,235,81,1823,10,1,148,42,1415,4261,0,3,90
43,5,4,2,1914,0,238,120,1926,4,0,135,46,1485,4420,1,2,7
48,67,24,79,1654,0,218,86,1667,3,0,122,24,1343,4017,0,13,365
91,35,6,3,141,0,47,329,174,8,0,921,349,171,436,0,3,30
192,23,6,3,2278,0,249,62,2280,19,0,86,0,1709,4941,1,2,1000
43,7,6,4,1826,0,237,103,1837,36,18,150,50,1425,4303,1,3,7
35,5,2,3,1650,0,218,79,1660,14,5,127,27,1340,4002,0,1,30
201,49,3,4,963,0,134,150,985,1,0,412,92,1106,2511,0,1,1
105,20,4,9,1913,0,238,119,1921,7,0,140,43,1481,4414,1,2,1
192,5,6,3,1726,0,226,60,1732,3,0,115,14,1369,4104,0,3,14
22,12,4,6,2217,36,249,61,2224,18,0,92,0,1698,4859,1,2,180
50,32,5,3,982,0,134,139,1005,1,0,370,71,1130,2588,0,2,1
65,41,4,4,2158,24,249,50,2170,27,5,128,9,1659,4730,2,2,90
112,19,8,5,1963,0,245,105,1993,3,0,131,44,1525,4489,0,4,7
69,21,5,1,1353,0,188,87,1378,1,0,169,11,1240,3476,0,2,14
135,145,6,10,1717,0,225,65,1727,1,0,116,19,1367,4095,2,3,365
37,6,4,2,1670,0,220,77,1685,12,2,120,24,1348,4035,0,2,30
79,24,7,4,2168,0,249,41,2176,3,0,117,3,1666,4746,1,3,1000
60,7,4,1,2169,0,249,40,2179,23,1,102,3,1673,4757,1,2,180
50,13,6,5,1742,12,228,57,1748,11,4,111,7,1382,4145,0,3,14
65,24,7,5,2173,0,249,36,2183,7,0,95,3,1674,4764,0,3,30
62,8,4,3,1544,3,206,100,1559,5,2,159,12,1300,3846,0,2,90
151,113,2,2,2396,0,252,0,2396,2,0,15,15,1747,5169,0,0,14
47,6,2,1,1686,0,221,69,1696,8,3,120,22,1353,4061,0,1,1
9,11,5,3,2310,0,250,86,2321,1,0,97,2,1719,5015,0,0,1000
10,91,7,5,1828,0,237,101,1837,13,8,148,50,1425,4303,1,4,180
15,21,7,2,1757,0,229,66,1777,7,2,108,15,1390,4177,0,3,1000
56,70,8,29,2188,14,249,29,2202,18,0,55,2,1685,4805,1,4,90
121,17,6,5,1913,0,238,119,1922,6,0,138,43,1482,4416,1,3,7
24,10,5,2,1686,0,222,73,1697,1,0,119,22,1354,4066,0,2,7
45,54,5,5,2395,0,252,1,2396,1,0,20,15,1729,5097,3,0,1000
70,40,6,4,276,3,72,287,337,11,7,795,303,355,882,0,3,1
151,30,5,2,2178,0,249,32,2183,16,0,81,2,1675,4770,1,2,30
45,59,8,5,2239,29,249,52,2255,13,0,68,0,1702,4902,0,3,365
27,4,5,3,1560,0,208,90,1575,1,0,122,8,1306,3869,0,2,7
78,133,4,3,1926,39,242,120,1950,15,15,150,52,1501,4452,2,2,30
57,16,5,3,1709,0,225,70,1726,2,0,114,18,1367,4093,0,3,7
75,64,6,8,2103,52,248,83,2120,35,22,158,43,1613,4645,1,3,7
24,76,4,6,2077,0,248,106,2111,21,4,167,58,1605,4633,0,2,7
244,43,12,33,2016,0,248,119,2032,12,19,165,70,1544,4538,1,6,1000
36,5,4,3,2289,0,250,75,2302,9,0,93,1,1712,4965,1,1,1000
222,19,5,3,1270,0,170,72,1289,1,0,174,4,1229,3276,0,2,14
32,45,6,7,1877,41,238,131,1896,14,12,131,58,1465,4392,0,3,7
31,26,8,17,2217,36,249,61,2224,17,0,91,0,1698,4859,2,4,180
58,0,2,0,1870,0,238,125,1889,11,7,139,60,1458,4380,2,1,14
231,43,4,6,2330,0,251,66,2355,16,0,90,17,1721,5032,0,0,1000
155,67,6,4,2024,0,248,114,2042,35,12,147,64,1555,4555,1,3,7
21,0,2,0,158,2,51,338,196,5,3,905,351,195,504,1,1,14
109,32,6,5,2068,59,248,111,2103,42,33,170,67,1592,4618,2,3,7
26,152,13,21,2396,0,252,0,2396,3,0,3,11,1747,5169,1,6,1000
71,49,12,8,1543,0,206,98,1556,1,0,166,13,1295,3837,0,6,90
56,29,4,13,1856,0,238,138,1873,16,14,163,69,1449,4359,1,2,7
30,19,6,11,2162,21,249,47,2170,24,2,121,5,1660,4736,1,3,7
47,8,6,2,143,0,48,329,181,7,0,914,348,179,453,0,3,14
100,51,4,9,1900,0,238,127,1917,21,24,138,54,1478,4410,1,2,1
315,15,5,6,1416,0,197,70,1428,3,0,142,8,1253,3587,1,2,1
11,69,2,3,2037,0,248,121,2049,43,12,154,63,1564,4568,1,1,365
22,3,2,6,1694,0,222,75,1705,11,2,116,20,1358,4072,0,1,7
955,21,5,3,1296,0,170,64,1302,1,0,159,6,1231,3309,0,2,1
10,16,8,21,1610,0,215,73,1631,19,4,125,22,1318,3934,0,4,1000
120,82,11,6,1564,0,208,86,1578,1,0,122,7,1306,3872,0,6,90
43,17,6,10,1742,0,228,63,1752,1,0,112,8,1382,4152,1,3,7
65,20,7,2,2180,0,249,32,2187,14,0,75,2,1675,4775,2,3,180
119,27,6,9,1408,0,196,68,1418,3,0,146,12,1250,3562,0,3,90
19,5,4,2,2385,6,252,11,2396,16,0,40,16,1728,5092,0,1,1000
50,0,3,0,540,0,110,383,562,2,0,900,387,620,1490,0,1,1
33,9,5,5,1742,0,228,57,1748,1,0,110,7,1382,4144,0,2,7
4,3,4,3,1949,0,244,113,1985,34,15,141,45,1521,4480,0,2,1
21,19,4,3,2098,51,248,85,2119,36,24,158,49,1608,4637,1,2,30
49,94,4,5,2043,70,248,118,2051,30,38,147,65,1564,4571,0,2,7
14,11,4,2,1946,0,244,113,1982,33,15,142,44,1520,4477,0,2,1
19,0,3,0,1433,0,198,73,1447,1,0,134,11,1259,3620,1,1,14
96,280,4,14,2119,0,248,69,2131,33,13,157,37,1621,4663,1,2,90
60,13,6,8,2349,0,251,47,2357,2,0,82,17,1722,5035,0,1,14
4,6,4,2,1445,0,202,78,1456,15,3,147,10,1259,3643,0,2,7
108,43,6,3,2059,0,248,115,2079,22,14,163,69,1585,4601,1,3,7
108,46,6,12,1966,0,245,103,1994,17,18,129,45,1525,4489,1,3,365
54,5,5,2,1520,0,206,116,1544,2,0,191,15,1288,3801,0,2,1
69,54,12,21,2020,0,248,118,2032,9,5,153,64,1544,4538,0,6,90
35,9,8,3,2187,0,249,30,2191,1,0,68,2,1683,4799,0,4,90
46,5,4,3,1732,0,227,59,1742,14,0,114,12,1379,4124,0,2,180
113,51,9,14,2189,0,249,28,2202,4,0,53,2,1685,4805,1,5,1000
302,5,4,2,1892,0,238,128,1914,9,7,138,58,1476,4408,2,2,7
47,21,7,10,1557,0,207,87,1569,1,0,131,9,1305,3862,0,3,1
96,43,8,8,2030,57,248,111,2044,28,34,142,61,1559,4561,0,4,14
74,6,6,4,1485,0,204,115,1498,2,1,200,15,1270,3719,1,3,90
52,9,7,7,1475,0,204,110,1491,14,5,197,29,1265,3705,1,4,30
25,40,6,8,1786,20,231,61,1791,13,5,111,17,1398,4219,0,3,30
448,32,6,5,1964,0,245,105,1994,3,2,130,45,1525,4489,0,3,180
68,15,6,3,1285,0,170,68,1302,1,0,164,6,1230,3299,0,3,30
68,12,5,1,1421,0,198,70,1433,1,0,142,8,1255,3594,0,2,7
80,83,8,21,1913,39,238,119,1926,14,11,134,42,1482,4417,2,4,30
63,38,4,3,2057,0,248,116,2070,35,7,163,66,1581,4595,0,2,14
41,18,6,7,2159,0,249,49,2170,1,0,123,8,1659,4733,1,3,14
70,7,4,1,2169,0,249,40,2179,27,1,106,3,1673,4757,1,2,180
37,10,4,2,1993,0,245,110,1995,2,0,132,49,1525,4491,0,2,7
107,55,4,2,2176,0,249,34,2183,20,0,87,2,1675,4767,1,2,90
18,37,7,28,1738,0,227,56,1742,3,1,117,9,1381,4130,0,3,7
33,10,4,3,1973,41,245,97,1994,18,22,126,43,1525,4489,0,2,14
16,277,5,3,2044,0,248,118,2054,40,11,144,64,1565,4573,0,2,365
333,43,5,7,2126,0,249,71,2138,21,1,150,32,1628,4675,1,2,90
204,3,2,1,1122,0,151,101,1135,3,0,254,9,1209,2910,0,1,1
6,6,4,3,1914,1,238,120,1926,5,2,135,45,1485,4420,0,2,14
33,26,4,4,861,0,131,196,913,4,0,558,183,1011,2290,1,2,180
143,9,5,2,2176,0,249,34,2183,21,0,88,2,1675,4767,1,2,30
159,30,6,4,1846,0,238,143,1867,40,20,170,75,1440,4346,2,3,1
325,10,3,2,2171,18,249,38,2183,21,0,97,3,1674,4764,1,1,30
7,78,4,7,2073,0,248,110,2111,28,4,169,60,1604,4631,0,2,14
51,15,5,1,2187,0,249,30,2197,4,0,63,2,1685,4804,1,2,90
39,7,4,1,2169,0,249,40,2179,28,1,107,3,1673,4757,1,2,180
200,174,4,2,1889,0,238,131,1913,26,14,140,56,1474,4404,2,2,1000
199,108,12,29,2305,0,250,87,2315,21,1,102,2,1718,5003,0,7,1000
408,55,5,4,2032,0,248,124,2049,12,14,151,63,1564,4568,1,3,30
11,3,4,3,1724,9,226,61,1728,11,4,117,14,1367,4098,0,2,1
21,23,7,2,1740,0,228,58,1747,2,0,114,10,1382,4142,0,3,1000
484,1,3,1,812,0,131,229,874,1,0,596,229,974,2201,0,1,90
62,47,6,7,2103,0,248,83,2120,5,4,157,43,1613,4645,0,3,7
66,32,7,7,1815,0,235,81,1823,6,2,148,43,1415,4261,0,3,7
13,52,4,5,1949,0,244,113,1985,20,19,139,45,1521,4480,1,2,14
48,7,6,5,1881,0,238,132,1907,11,10,133,58,1469,4397,2,3,7
48,10,5,3,2099,0,248,85,2119,1,0,155,45,1608,4637,2,2,7
6,16,4,5,2020,0,248,118,2032,39,13,156,65,1544,4538,1,2,365
7,54,6,8,2129,0,249,70,2140,8,0,144,32,1628,4677,1,3,30
40,64,6,13,1798,21,234,82,1816,18,8,140,39,1406,4245,0,3,90
220,7,5,2,2039,0,248,119,2050,42,11,151,62,1564,4569,0,2,365
18,46,4,3,1869,0,238,126,1889,19,9,144,62,1457,4377,2,2,180
38,5,4,3,1421,0,198,70,1433,3,0,140,8,1255,3594,0,2,14
68,58,8,4,1660,5,220,81,1680,14,1,123,23,1346,4025,1,4,90
62,8,3,2,287,0,75,289,347,2,0,782,302,362,903,0,1,1
240,56,3,1,2385,0,252,11,2396,4,0,37,16,1728,5092,0,0,1000
72,30,6,5,1995,0,247,125,2020,36,9,155,66,1534,4516,0,3,365
58,3,5,3,1098,0,149,112,1118,1,0,273,7,1207,2859,1,2,365
35,7,4,1,2169,0,249,40,2179,26,1,105,3,1673,4757,1,2,180
43,24,4,7,2070,58,248,113,2107,39,32,171,65,1602,4629,1,2,14
113,37,7,4,1381,0,191,75,1394,3,0,154,12,1245,3513,0,3,7
50,13,4,5,1880,0,238,128,1900,22,14,133,57,1467,4394,2,2,7
104,59,6,6,1926,0,242,120,1952,2,0,148,52,1502,4454,1,3,30
15,5,2,2,1702,14,225,76,1725,11,7,116,19,1366,4090,0,1,1
80,5,3,1,2034,0,248,124,2049,11,14,151,62,1564,4568,0,1,1
16,14,4,1,2173,17,249,36,2183,19,0,93,3,1674,4764,1,2,30
11,4,4,2,1945,0,244,114,1982,35,15,144,44,1520,4477,1,2,1
60,8,6,4,1778,0,231,53,1784,8,0,112,14,1394,4200,1,3,7
44,7,4,1,2169,0,249,40,2179,29,1,108,3,1673,4757,1,2,180
22,4,7,2,1644,0,217,82,1650,1,0,131,27,1330,3980,1,3,180
45,184,6,13,2038,0,248,120,2049,11,8,152,63,1564,4569,2,3,30
152,6,6,1,1949,0,244,113,1985,19,19,138,45,1521,4480,2,3,14
47,19,6,7,1946,0,244,114,1983,7,4,143,47,1520,4479,1,3,7
178,3,6,3,1729,3,227,60,1740,7,2,116,14,1375,4115,0,3,1
230,8,6,3,1817,0,235,87,1823,1,0,150,45,1415,4263,0,3,7
72,7,4,3,2020,0,248,118,2032,35,13,149,64,1545,4539,1,2,7
40,29,4,6,1849,0,238,145,1870,20,9,167,72,1445,4354,0,2,7
180,28,5,2,1779,0,231,58,1786,1,0,112,15,1395,4208,1,2,90
69,25,4,6,1658,0,220,83,1675,10,0,123,23,1346,4025,1,2,90
96,19,10,11,2188,0,249,29,2197,1,0,56,2,1685,4804,1,5,90
86,53,8,6,2119,0,248,69,2132,21,0,154,37,1622,4665,1,4,7
43,23,5,2,2365,0,251,31,2385,1,0,63,17,1727,5074,1,1,1000
37,7,4,1,2169,0,249,40,2179,24,1,103,3,1673,4757,1,2,180
86,20,5,5,2306,0,250,89,2319,7,1,100,2,1719,5011,1,3,1000
12,24,6,11,1667,0,220,80,1683,5,1,122,24,1348,4032,0,3,30
21,47,6,12,2167,20,249,42,2173,19,0,114,3,1663,4740,1,3,30
148,40,6,5,2079,0,248,104,2111,30,14,166,58,1605,4633,1,3,180
67,53,5,4,1554,0,207,90,1567,2,0,148,9,1304,3855,0,2,1
49,26,6,6,1896,0,238,128,1915,8,5,137,56,1478,4410,2,3,1
5,17,7,8,1817,0,235,93,1823,19,11,149,45,1416,4265,1,4,365
63,10,5,1,1350,0,187,83,1371,2,0,176,11,1240,3452,0,3,1
37,35,4,7,2158,24,249,50,2170,26,5,127,9,1659,4730,2,2,90
59,17,3,7,2274,0,249,48,2280,2,0,91,0,1709,4941,1,0,1000
224,79,5,11,1980,0,245,90,1994,3,1,121,42,1525,4489,1,3,14
61,58,10,11,1975,0,245,95,1994,31,15,125,43,1525,4489,0,5,7
41,27,3,3,2227,0,249,57,2239,2,0,73,0,1701,4887,0,0,1000
25,90,7,8,2396,0,252,0,2396,8,0,8,11,1747,5169,1,3,1000
21,5,4,2,1787,0,231,74,1797,5,0,130,26,1399,4228,1,2,180
51,12,10,20,1556,0,207,88,1569,3,1,130,9,1305,3860,0,5,90
16,28,6,13,1931,43,243,125,1973,15,17,147,50,1514,4471,1,3,7
116,0,3,0,1637,0,217,62,1644,11,4,120,21,1324,3962,0,1,90
47,52,8,17,2045,71,248,123,2060,35,41,149,68,1571,4583,1,4,180
193,16,6,8,1769,0,229,54,1778,6,1,101,13,1391,4187,1,3,7
39,8,6,7,1556,1,207,88,1568,3,1,144,9,1304,3856,0,3,7
53,32,4,5,2173,17,249,36,2183,20,0,94,3,1674,4764,1,2,30
154,69,6,9,2104,0,248,83,2120,14,2,154,42,1613,4646,0,3,90
52,42,6,10,2000,0,247,121,2020,1,0,154,66,1539,4525,0,3,90
89,25,8,21,1815,0,235,81,1823,19,10,150,42,1415,4261,1,4,1000
855,0,4,0,71,0,43,338,141,1,0,904,371,128,314,0,2,7
80,35,4,3,1856,0,238,138,1873,31,17,155,69,1450,4361,2,2,1
101,26,7,2,1458,0,202,98,1466,1,0,172,19,1260,3669,0,3,7
36,72,8,12,2111,48,248,76,2127,32,20,148,36,1617,4657,2,4,30
25,91,6,5,1963,0,245,105,1993,6,4,130,44,1525,4489,2,3,7
66,19,3,2,2268,0,249,51,2280,1,0,90,0,1709,4940,1,0,1000
73,50,11,25,2138,0,249,65,2159,30,9,135,26,1636,4699,1,6,90
27,6,4,3,1738,12,227,56,1743,12,3,117,9,1381,4130,0,2,30
311,22,6,4,2178,0,249,32,2183,17,0,82,2,1675,4770,2,3,90
44,6,2,5,1658,0,220,82,1674,15,5,126,24,1346,4025,0,1,7
53,18,3,2,2203,0,249,29,2208,1,0,66,0,1690,4825,0,1,1
8,12,2,3,1557,17,207,87,1571,21,0,129,9,1306,3865,0,1,90
181,40,4,4,1891,0,238,129,1913,9,6,136,54,1475,4405,2,2,7
22,6,4,3,2153,0,249,54,2168,4,0,134,20,1648,4716,1,2,7
16,12,4,3,1849,47,238,144,1868,23,17,169,73,1441,4347,0,2,7
45,12,3,5,2227,0,249,57,2239,3,0,74,0,1701,4887,0,0,1000
45,27,10,25,1497,0,206,129,1515,16,4,204,17,1276,3744,3,5,180
24,88,17,20,2208,21,249,34,2209,21,0,69,0,1692,4835,1,9,1000
40,7,4,1,2169,0,249,40,2179,30,1,109,3,1673,4757,1,2,180
52,73,6,6,1977,0,245,93,1994,16,17,124,43,1525,4489,0,3,14
761,56,9,6,1821,0,235,92,1823,4,2,152,46,1418,4269,0,4,1000
315,89,10,17,2104,0,248,83,2120,12,2,152,42,1613,4646,1,5,90
468,90,8,19,2024,0,248,114,2039,30,7,148,64,1553,4551,0,4,180
79,3,4,1,2168,0,249,41,2176,2,0,116,3,1666,4746,1,1,1000
374,20,6,6,1953,0,244,113,1985,32,16,134,45,1522,4483,2,3,7
34,18,6,9,2167,20,249,42,2173,22,0,117,3,1663,4740,2,3,7
85,5,3,11,1802,0,235,87,1821,9,2,142,41,1413,4254,0,2,365
29,6,2,12,1629,0,216,57,1635,13,6,116,20,1321,3945,0,1,1000
42,5,4,2,1889,0,238,131,1913,21,12,141,56,1474,4403,1,2,180
169,27,8,8,1742,0,228,65,1752,11,0,109,7,1382,4153,0,4,1000
76,74,6,27,2187,0,249,30,2195,5,0,66,2,1685,4804,1,3,1000
111,4,3,1,2042,0,248,118,2051,26,7,148,64,1564,4570,1,1,1000
161,7,4,5,1428,0,198,70,1441,2,0,134,11,1257,3605,1,2,30
101,9,4,2,1886,0,238,132,1913,10,9,135,56,1473,4401,2,2,7
47,7,5,5,1833,0,237,113,1842,1,0,147,56,1427,4310,1,2,1
64,28,2,3,1511,26,206,124,1530,41,1,200,15,1278,3771,0,1,7
386,11,4,3,1891,0,238,129,1914,2,0,138,57,1476,4407,2,2,90
41,21,7,4,1650,0,218,79,1660,1,0,127,27,1340,4002,1,4,90
170,6,5,1,2039,0,248,119,2050,41,11,149,62,1564,4570,0,2,365
207,105,6,13,2020,0,248,118,2032,8,5,151,64,1544,4538,1,3,14
96,10,5,1,2020,0,248,116,2032,33,10,154,69,1544,4538,1,2,1000
7,34,14,10,141,0,47,325,174,9,0,926,348,169,434,1,7,30
144,44,6,6,2019,0,248,116,2032,10,19,155,69,1544,4538,0,3,7
96,80,4,3,1719,0,225,63,1727,1,2,115,17,1367,4095,0,2,1
62,33,5,2,1922,0,239,123,1938,23,22,150,53,1491,4436,2,2,30
113,19,3,1,2382,0,252,14,2396,6,1,44,16,1728,5091,0,0,1000
28,5,5,2,1200,16,167,102,1212,21,1,261,8,1220,3098,0,2,7
30,5,2,1,2170,19,249,39,2183,23,0,99,3,1674,4764,1,1,30
109,14,7,7,1309,0,178,92,1321,1,0,191,9,1234,3346,0,3,180
7,4,4,2,1578,13,211,82,1599,15,1,123,14,1310,3894,0,2,90
86,7,4,4,1429,0,198,73,1445,1,0,135,12,1258,3615,0,2,30
89,50,6,14,2385,0,252,11,2396,3,0,36,16,1728,5092,0,1,7
27,213,5,3,2218,0,249,62,2227,1,0,91,0,1698,4870,0,1,1000
215,53,14,26,1571,0,211,83,1593,14,0,126,10,1309,3885,1,7,1000
13,300,3,3,2044,0,248,124,2057,39,11,151,70,1568,4578,0,1,365
79,17,4,2,1214,0,167,91,1228,1,0,219,6,1222,3130,0,2,90
127,67,9,8,2044,0,248,118,2054,23,7,143,64,1565,4573,0,5,30
216,157,12,31,2126,0,249,71,2138,32,11,149,32,1628,4675,3,6,180
10,59,8,30,1613,0,215,70,1633,3,0,117,22,1318,3935,0,4,90
270,51,9,8,2080,0,248,103,2112,27,3,166,57,1605,4634,1,5,7
107,13,5,3,1324,0,180,84,1336,1,0,190,10,1236,3385,1,2,14
301,154,10,8,1972,0,245,97,1994,6,4,126,42,1525,4489,1,5,7
35,22,4,3,2128,44,249,69,2139,33,16,147,32,1628,4677,1,2,30
23,20,11,14,1740,0,228,58,1747,1,0,115,10,1382,4141,0,6,90
47,14,5,4,2396,0,252,0,2396,1,0,1,4,1747,5169,0,1,1000
72,37,9,4,1664,0,220,78,1683,2,0,117,24,1347,4028,1,6,365
23,34,4,3,1870,42,238,125,1891,19,13,137,59,1459,4381,0,2,1
235,11,11,7,1741,0,228,58,1748,2,0,111,8,1382,4144,2,8,1000
47,75,6,4,2067,59,248,111,2099,41,33,167,67,1590,4615,1,3,1
63,6,6,4,1384,0,194,72,1401,2,0,151,12,1245,3517,1,3,30
71,55,12,8,1782,0,231,55,1786,8,0,108,13,1395,4208,0,6,1
37,47,2,2,1899,0,238,128,1917,22,24,138,54,1478,4410,2,1,1
70,16,7,4,1755,0,229,68,1770,6,0,105,13,1388,4174,0,4,180
105,73,8,12,2106,0,248,81,2120,3,4,149,41,1613,4647,0,4,30
258,63,6,21,1979,0,245,91,1994,15,17,123,43,1525,4489,1,3,30
14,207,5,4,2044,0,248,124,2057,38,11,150,70,1568,4578,0,2,365
15,18,4,3,1933,0,243,124,1979,36,18,148,51,1516,4473,1,2,7
105,44,4,5,2106,50,248,81,2120,34,21,148,41,1613,4647,1,2,1
11,13,6,6,2317,0,251,79,2341,2,0,89,3,1720,5022,0,0,1000
44,37,4,3,1861,0,238,133,1878,28,15,152,66,1452,4366,2,2,7
181,9,5,1,2161,0,249,47,2170,33,1,120,7,1659,4733,2,2,7
19,5,7,4,1687,0,222,73,1697,2,0,118,22,1354,4066,1,3,180
9,6,2,1,1658,19,220,82,1672,13,6,127,24,1346,4025,0,1,7
84,61,10,12,1984,1,245,97,1994,3,1,125,45,1525,4489,0,5,7
87,57,6,10,1920,0,239,124,1931,3,0,147,51,1487,4430,2,3,14
126,17,5,2,2291,0,250,74,2303,15,0,91,1,1712,4966,1,2,1000
44,12,6,14,1631,0,217,60,1637,15,4,118,18,1322,3950,0,3,1000
53,62,4,5,1900,0,238,130,1920,7,6,139,53,1480,4412,0,2,7
7,84,6,6,1823,0,235,98,1831,5,0,147,52,1424,4291,0,3,90
24,3,4,3,2030,57,248,111,2044,27,34,141,61,1559,4561,0,2,7
13,173,3,3,2032,0,248,123,2049,44,12,152,63,1564,4567,0,1,30
63,16,6,8,1913,39,238,119,1922,15,12,136,43,1482,4416,1,3,7
68,56,5,15,2193,0,249,29,2203,3,0,56,1,1686,4807,1,3,1000
188,68,7,6,1791,1,231,76,1799,3,0,128,27,1400,4234,0,4,180
425,18,3,1,2057,0,248,117,2070,34,7,166,69,1582,4596,0,1,7
66,34,6,8,1861,0,238,133,1878,29,15,153,66,1452,4366,2,3,1
233,179,4,10,2104,0,248,83,2120,13,2,153,42,1613,4646,1,2,90
16,23,4,2,2167,20,249,42,2173,20,0,115,3,1663,4740,1,2,1
165,66,6,17,1870,0,238,125,1891,13,11,138,59,1459,4381,1,3,7
71,13,3,6,1538,0,206,102,1556,7,1,173,14,1295,3825,0,2,7
17,40,4,3,1849,0,238,145,1870,39,19,165,72,1445,4354,0,2,7
70,16,5,1,1740,0,228,58,1747,2,0,117,10,1382,4141,0,2,365
55,20,6,6,1880,0,238,128,1900,10,6,133,58,1467,4394,2,3,1
141,50,8,3,1672,0,220,75,1685,1,0,119,24,1348,4036,0,4,90
36,4,2,3,1724,9,226,62,1728,9,4,115,14,1367,4098,0,1,7
35,7,5,2,2108,49,248,79,2126,33,20,149,39,1613,4651,1,2,14
62,17,5,1,1740,0,228,58,1747,1,0,116,10,1382,4141,0,2,365
53,26,5,2,1057,0,141,102,1081,1,0,249,18,1202,2789,0,2,365
145,55,6,2,2161,0,249,47,2170,34,1,121,7,1659,4733,2,3,1
23,142,4,6,2162,21,249,47,2171,23,2,120,5,1662,4738,1,2,90
8,5,3,1,2167,20,249,42,2173,21,0,116,3,1663,4740,1,1,1
74,22,4,2,1826,0,237,102,1836,37,19,151,51,1425,4303,2,2,1
19,15,4,3,1980,0,245,90,1994,30,14,122,42,1525,4489,0,2,1
57,6,2,2,1650,0,218,79,1660,16,5,129,27,1338,3996,0,1,30
392,19,5,4,1819,0,235,95,1823,5,2,150,46,1416,4267,0,2,7
75,67,7,8,1839,0,238,141,1860,42,23,170,75,1435,4336,2,4,30
55,21,10,8,1913,39,238,119,1921,16,11,139,43,1481,4414,1,5,1000
174,35,5,4,2039,0,248,120,2051,7,7,149,63,1564,4570,0,2,7
81,26,7,9,1506,0,206,127,1529,1,0,207,17,1278,3767,0,3,90
24,6,5,1,2094,0,248,89,2118,9,6,162,53,1607,4636,1,2,1
49,8,4,3,2178,0,249,32,2183,19,0,84,2,1675,4769,0,2,7
20,5,4,3,1864,43,238,130,1880,21,16,147,65,1454,4368,0,2,1
15,13,6,5,1872,0,238,123,1891,12,11,136,59,1461,4383,1,3,7
68,6,2,4,1653,0,218,85,1664,16,6,126,24,1341,4008,0,1,1
55,5,4,3,1440,0,199,76,1450,1,0,146,9,1259,3627,0,2,90
17,8,4,3,1703,0,225,75,1725,2,0,114,19,1366,4091,0,2,1
6,34,8,9,2104,0,248,82,2120,6,4,155,42,1613,4646,1,4,14
28,33,7,5,2141,39,249,65,2163,28,12,139,27,1641,4706,1,3,90
35,0,3,0,1821,0,235,92,1823,1,0,150,46,1418,4269,0,1,1
142,45,6,5,1847,0,238,146,1867,40,20,170,72,1441,4347,2,3,1
194,83,7,4,1378,0,190,72,1390,1,0,147,13,1244,3504,0,3,7
54,3,3,1,2168,19,249,41,2176,22,0,114,3,1668,4749,1,1,7
35,117,4,14,2207,0,249,30,2209,16,0,65,0,1692,4830,1,2,90
260,49,26,37,1531,0,206,109,1556,11,2,183,15,1294,3819,0,15,1000
83,11,10,6,1559,0,208,90,1573,1,0,125,8,1306,3869,1,5,90
24,59,6,11,2170,19,249,39,2183,22,0,98,3,1674,4764,1,3,90
250,58,4,3,1949,45,244,113,1985,14,16,140,45,1521,4480,1,2,90
141,101,8,8,2070,0,248,113,2108,30,4,169,62,1603,4630,0,4,7
8,5,2,1,2111,0,248,76,2126,6,3,149,37,1613,4651,0,1,1
114,151,9,19,1823,0,235,97,1831,37,23,149,52,1423,4285,0,5,14
47,8,4,2,1350,8,187,84,1371,2,0,176,12,1240,3453,0,2,7
41,10,8,20,1546,3,206,98,1561,4,2,159,11,1301,3849,0,4,30
81,4,4,1,1771,0,231,58,1782,10,1,109,17,1393,4194,0,2,90
125,56,6,8,2106,0,248,81,2120,11,2,151,41,1613,4647,1,3,14
17,55,10,30,2008,0,247,120,2028,10,5,160,65,1542,4531,2,5,90
40,263,4,9,2138,0,249,64,2154,32,9,138,26,1631,4688,1,2,14
54,59,6,5,2141,0,249,65,2163,5,2,138,26,1641,4706,1,3,30
58,33,6,8,1913,39,238,119,1926,13,11,133,42,1483,4418,1,3,7
129,79,5,10,1747,0,228,68,1752,1,0,107,8,1382,4155,0,2,7
439,1,3,1,812,0,131,229,874,2,0,597,229,974,2201,0,1,90
19,9,2,3,2081,0,248,102,2114,7,5,164,56,1605,4634,0,1,1
26,20,6,8,1973,41,245,97,1994,19,20,127,43,1525,4489,1,3,14
189,47,12,18,1696,0,225,77,1719,8,2,114,22,1363,4084,0,6,14
13,212,5,4,2046,0,248,122,2060,37,9,148,67,1571,4583,0,2,7
55,25,6,7,1804,21,235,88,1821,16,7,151,44,1413,4255,0,3,7
80,36,6,12,1870,0,238,125,1889,25,14,141,61,1457,4377,2,3,90
84,26,8,5,1711,0,225,68,1727,5,1,112,19,1367,4094,0,4,180
46,31,4,3,1985,0,245,100,1994,32,15,124,44,1525,4489,1,2,7
57,13,6,5,1981,0,245,94,1994,1,0,123,42,1525,4489,0,3,7
64,6,2,3,1564,0,208,86,1578,14,3,123,7,1306,3872,0,1,90
93,20,5,2,626,0,122,356,686,2,0,830,362,765,1804,0,2,1
54,99,6,7,2098,51,248,85,2119,37,24,159,49,1608,4637,1,3,7
137,29,6,7,2177,0,249,33,2183,3,0,85,2,1675,4767,2,2,365
57,46,7,8,1823,0,235,99,1831,1,0,147,53,1424,4293,0,3,30
183,48,8,20,2070,58,248,113,2107,38,32,170,65,1602,4629,1,4,30
10,12,6,3,2054,0,248,117,2070,36,7,164,67,1581,4595,0,3,1
179,49,6,8,1858,0,238,136,1873,30,16,154,68,1450,4361,2,3,1
48,24,8,6,1653,0,218,85,1664,1,0,127,24,1341,4008,2,4,365
27,49,9,9,1385,0,194,73,1401,1,0,149,11,1245,3520,1,4,180
23,5,4,4,2159,23,249,49,2170,24,5,124,8,1659,4733,1,2,30
643,78,8,6,213,0,64,329,282,1,0,856,342,302,738,0,4,7
86,5,2,1,1823,0,235,91,1823,13,8,151,50,1418,4273,0,1,365
21,39,46,39,1511,0,206,124,1530,1,1,201,15,1278,3770,0,29,1000
71,75,8,10,2209,23,249,37,2209,20,0,72,0,1692,4835,1,4,365
29,10,3,3,2238,0,249,53,2253,1,0,72,0,1702,4901,1,0,365
75,36,8,12,1552,0,207,92,1566,5,1,153,10,1304,3855,0,4,14
126,6,4,3,1873,0,238,134,1893,23,14,136,60,1464,4390,2,2,90
115,9,5,2,1660,5,220,81,1680,12,1,121,23,1346,4025,1,2,90
282,35,7,9,1778,0,231,58,1786,1,0,113,15,1395,4208,0,3,90
30,12,7,4,1658,0,220,83,1675,1,0,124,23,1346,4025,0,3,7
90,58,4,5,2169,0,249,40,2179,31,1,110,3,1673,4757,1,2,90
22,40,8,22,2128,44,249,69,2139,32,16,146,32,1628,4677,1,4,30
79,127,11,23,1934,0,244,123,1980,21,19,147,51,1518,4475,2,6,180
276,14,6,4,2191,0,249,28,2202,2,0,58,1,1686,4807,0,3,7
27,7,3,1,1600,0,213,83,1629,19,4,130,21,1317,3931,0,1,30
43,63,6,5,2268,21,249,51,2280,16,0,89,0,1709,4940,1,2,365
35,82,6,10,1934,0,244,124,1980,20,19,145,51,1519,4476,1,3,90
116,15,7,4,2303,0,250,82,2309,1,0,105,1,1717,4992,0,3,1000
393,51,6,7,2129,0,249,68,2139,7,4,145,32,1628,4677,1,3,30
280,71,12,48,1769,0,229,54,1778,4,0,102,13,1391,4187,0,6,1000
32,41,4,3,2020,0,248,118,2032,37,13,152,64,1544,4538,1,2,14
22,7,4,5,1092,0,149,113,1118,2,0,266,6,1206,2851,0,2,30
161,30,6,3,2277,0,249,53,2280,1,0,86,0,1709,4941,0,2,1000
75,8,6,6,1708,0,225,70,1726,9,3,114,17,1367,4092,0,3,1
534,0,3,0,2032,0,248,122,2046,13,13,151,64,1564,4567,0,1,30
13,3,2,2,2118,0,248,70,2129,6,1,157,36,1620,4660,0,1,1
96,14,10,7,1817,0,235,93,1823,1,0,150,45,1416,4265,2,5,365
20,2,5,12,1757,0,229,66,1773,8,2,108,14,1390,4177,0,3,90
29,29,5,7,2066,0,248,111,2091,1,0,164,66,1587,4605,3,2,1000
21,23,8,6,2188,0,249,29,2201,5,0,54,2,1685,4805,0,4,90
43,33,7,11,2069,58,248,111,2105,40,33,171,66,1598,4625,2,3,30
53,57,6,2,1635,0,217,61,1641,14,4,115,19,1323,3959,0,3,90
55,3,3,1,2069,58,248,111,2105,41,33,172,66,1598,4625,2,1,7
12,45,6,8,1861,0,238,133,1878,15,13,151,66,1452,4366,3,3,7
13,102,26,44,2212,0,249,62,2218,25,0,86,0,1695,4850,2,16,1000
